"id","count","name","timecheck"
1,5335,void com.controllers.NoticeController.setAllowedFields(WebDataBinder),"2022-10-16 15:53:33"
2,5135,String com.controllers.NoticeController.form(LoginCommand),"2022-10-16 15:53:33"
3,104,String com.controllers.CfController.home(Model),"2021-08-28 13:39:53"
4,128,"ResponseEntity com.controllers.CfRestController.makesortobj(HttpSession,HttpServletRequest)","2021-09-08 01:51:48"
5,1,"ResponseEntity com.controllers.CfRestController.inputtest(HttpSession,List,HttpServletRequest)","2021-08-22 12:34:51"
6,1,"String com.controllers.CfController.getsubwindow(Model,HttpSession,HttpServletResponse)","2021-08-22 12:34:51"
7,143,String com.controllers.CompanyController.company(Model),"2021-08-29 11:00:54"
8,171,"ResponseEntity com.controllers.CompanyRestController.searcharray(HttpSession,HttpServletRequest)","2021-09-05 22:15:19"
9,264,String com.controllers.CfController.purpose(Model),"2022-10-13 15:30:47"
10,112,String com.controllers.CfController.explanation(Model),"2022-08-29 09:04:05"
11,78,String com.controllers.CfController.Scoping(Model),"2022-10-01 16:56:46"
12,353,String com.controllers.CompanyController.purpose(Model),"2022-10-13 07:18:06"
13,115,"ResponseEntity com.controllers.CompanyRestController.searchrequest(HttpSession,HttpServletRequest,List,List,List,String)","2021-08-30 16:10:43"
14,136,String com.controllers.CompanyController.search(Model),"2022-10-16 13:18:03"
15,159,"String com.controllers.CompanyController.second(Model,HttpSession)","2022-08-29 09:04:05"
16,46,"String com.controllers.NoticeController.submit2(Model,OAuth2AuthenticationToken)","2022-07-19 23:02:03"
17,10,"ModelAndView com.controllers.ErrorController.exception(Throwable,Model)","2021-11-17 21:12:55"
18,256,String com.controllers.NoticeController.showpurpose(Model),"2022-10-01 07:36:32"
19,38,String com.controllers.NoticeController.writeshow(Model),"2022-07-19 23:03:18"
20,1,"String com.controllers.NoticeController.write(boarddata,BindingResult,member,SessionStatus,Model)","2021-08-22 16:05:00"
21,8,String com.controllers.NoticeController.notice(Model),"2021-08-23 19:24:46"
22,45,"String com.controllers.NoticeController.showopt(Pageable,Model,HttpServletRequest)","2022-07-19 23:02:22"
23,1,"String com.controllers.NoticeController.write(boarddata,BindingResult,memberdata,SessionStatus,Model)","2021-08-22 19:44:58"
24,2,String com.controllers.NoticeController.logout(Model),"2022-01-11 14:01:48"
25,2,"ResponseEntity com.controllers.CommonExceptionHandler.nullpointerror(HttpSession,HttpServletRequest)","2021-08-26 21:52:33"
26,12,"String com.controllers.NoticeController.showdetail(Model,Long)","2022-07-19 23:02:19"
27,9143,String com.controllers.NoticeController.defaultpage(Model),"2022-10-17 14:17:59"
28,195,String com.controllers.CompanyController.stock(Model),"2022-08-28 21:30:08"
29,142,String com.controllers.CompanyController.simulation(Model),"2022-08-28 05:05:54"
30,1,"ResponseEntity com.controllers.CommonExceptionHandler.runtimeerror(HttpSession,HttpServletRequest)","2021-09-22 10:46:54"
31,1,"ResponseEntity com.controllers.CommonExceptionHandler.runtimeerror(HttpSession,HttpServletRequest)","2021-09-22 10:46:54"
