detailname,bspl,resultname,middlecategory,largecategory
제품매출-국내,PL,매출,손익,손익
제품매출-로칼,PL,매출,손익,손익
제품매출-직수,PL,매출,손익,손익
제품매출-에누리-금액,PL,매출,손익,손익
제품매출-장려금,PL,매출,손익,손익
제품매출-반품충당금,PL,매출,손익,손익
제품매출-물류,PL,매출,손익,손익
제품매출-판촉비,PL,매출,손익,손익
제품매출-광고선전비,PL,매출,손익,손익
제품매출-패널티,PL,매출,손익,손익
제품매출-마일리지,PL,매출,손익,손익
제품매출-운반/보헙,PL,매출,손익,손익
제품매출-정보이용료,PL,매출,손익,손익
매출액-제품,PL,매출,손익,손익
매출액-반품,PL,매출,손익,손익
매출액-반품추정,PL,매출,손익,손익
매출액-에누리,PL,매출,손익,손익
매출액-매출할인,PL,매출,손익,손익
매출액-판매장려금,PL,매출,손익,손익
매출액-판가보전,PL,매출,손익,손익
상품매출-국내,PL,매출,손익,손익
상품매출-로칼,PL,매출,손익,손익
상품매출-직수,PL,매출,손익,손익
상품매출-중개,PL,매출,손익,손익
상품매출-에누리-금액,PL,매출,손익,손익
매출액-상품,PL,매출,손익,손익
매출액-부산물,PL,매출,손익,손익
매출액-반제품,PL,매출,손익,손익
매출액-원자재,PL,매출,손익,손익
매출액-저장품,PL,매출,손익,손익
매출액-로열티,PL,매출,손익,손익
매출액-기타,PL,매출,손익,손익
매출액-임대료,PL,매출,손익,손익
매출액-유상사급,PL,매출,손익,손익
매출액-순액매출조정,PL,매출,손익,손익
매출액-선물환,PL,매출,손익,손익
매출액-수탁,PL,매출,손익,손익
매출액-원료,PL,매출,손익,손익
용역매출-물류대행-수작업,PL,매출,손익,손익
용역매출-온라인-수작업,PL,매출,손익,손익
용역매출-운반/보험,PL,매출,손익,손익
매출액-Service,PL,매출,손익,손익
매출액-Service공사(에스원Only),PL,매출,손익,손익
매출액-Agency,PL,매출,손익,손익
매출액-물류,PL,매출,손익,손익
매출액-R&D용역,PL,매출,손익,손익
매출액-임가공,PL,매출,손익,손익
매출액-기타용역,PL,매출,손익,손익
매출액-A/S,PL,매출,손익,손익
매출액-진행기준-용역,PL,매출,손익,손익
매출액-도급공사-인정,PL,매출,손익,손익
매출액-도급공사-미인정,PL,매출,손익,손익
매출액-도급공사-Unbilled,PL,매출,손익,손익
매출액-분양공사,PL,매출,손익,손익
임가공매출-용역,PL,매출,손익,손익
매출원가-제품,PL,매출원가,손익,손익
직접원재료비,PL,매출원가,손익,손익
간접원재료비,PL,매출원가,손익,손익
직접부재료비,PL,매출원가,손익,손익
간접부재료비,PL,매출원가,손익,손익
제조급여,PL,매출원가,손익,손익
제조임원급여,PL,매출원가,손익,손익
제조상여금,PL,매출원가,손익,손익
제조제수당,PL,매출원가,손익,손익
제조잡급,PL,매출원가,손익,손익
제조퇴직급여,PL,매출원가,손익,손익
제조복리후생비-의료보험,PL,매출원가,손익,손익
제조복리후생비-고용보험,PL,매출원가,손익,손익
제조복리후생비-산재보험,PL,매출원가,손익,손익
제조복리후생비-건강관리실유지,PL,매출원가,손익,손익
제조복리후생비-건강진단,PL,매출원가,손익,손익
제조복리후생비-공상치료비,PL,매출원가,손익,손익
제조복리후생비-선물대,PL,매출원가,손익,손익
제조복리후생비-식당운영비,PL,매출원가,손익,손익
제조복리후생비-회식비,PL,매출원가,손익,손익
제조복리후생비-학자금,PL,매출원가,손익,손익
제조복리후생비-종업원시상금,PL,매출원가,손익,손익
제조복리후생비-통근버스운행비,PL,매출원가,손익,손익
제조복리후생비-동호회보조비,PL,매출원가,손익,손익
제조복리후생비-피복비,PL,매출원가,손익,손익
제조복리후생비-업무수행비,PL,매출원가,손익,손익
제조복리후생비-회의비,PL,매출원가,손익,손익
제조복리후생비-보조금,PL,매출원가,손익,손익
제조복리후생비-경조사비,PL,매출원가,손익,손익
제조복리후생비-기타,PL,매출원가,손익,손익
제조복리후생비-국민연금,PL,매출원가,손익,손익
제조복리후생비-장애인고용부담금,PL,매출원가,손익,손익
제조복리후생비-자판기마감대,PL,매출원가,손익,손익
제조복리후생비-기숙사관리비용,PL,매출원가,손익,손익
제조복리후생비-화환대,PL,매출원가,손익,손익
제조복리후생비-식수대,PL,매출원가,손익,손익
제조복리후생비-야유회비,PL,매출원가,손익,손익
제조복리후생비-차량유지비,PL,매출원가,손익,손익
제조복리후생비-예비군훈련비용,PL,매출원가,손익,손익
제조복리후생비-건강보험,PL,매출원가,손익,손익
제조복리후생비-노무관리비,PL,매출원가,손익,손익
제조복리후생비-생일축하지원금,PL,매출원가,손익,손익
제조복리후생비-조직활성화비,PL,매출원가,손익,손익
제조복리후생비-피복세탁,PL,매출원가,손익,손익
제조복리후생비-직무교류회,PL,매출원가,손익,손익
제조외주가공비,PL,매출원가,손익,손익
제조외주가공비(클레임),PL,매출원가,손익,손익
제조외주가공비-재가공,PL,매출원가,손익,손익
제조외주가공비-추가,PL,매출원가,손익,손익
제조감가상각비-건물,PL,매출원가,손익,손익
제조감가상각비-기계장치,PL,매출원가,손익,손익
제조감가상각비-구축물,PL,매출원가,손익,손익
제조감가상각비-차량운반구,PL,매출원가,손익,손익
제조감가상각비-시설장치,PL,매출원가,손익,손익
제조감가상각비-공구와기구,PL,매출원가,손익,손익
제조감가상각비-임차개량자산,PL,매출원가,손익,손익
제조수선비-기계장치수선비,PL,매출원가,손익,손익
제조수선비-건물수선비,PL,매출원가,손익,손익
제조수선비-기계장치수선비(일반),PL,매출원가,손익,손익
제조수선비 - 시설장치,PL,매출원가,손익,손익
제조세금과공과-제회비,PL,매출원가,손익,손익
제조세금과공과-재산세,PL,매출원가,손익,손익
제조세금과공과-사업소세,PL,매출원가,손익,손익
제조세금과공과-주민세,PL,매출원가,손익,손익
제조세금과공과-자동차세,PL,매출원가,손익,손익
제조세금과공과-인지증지대,PL,매출원가,손익,손익
제조세금과공과-전력기금,PL,매출원가,손익,손익
제조세금과공과-기타,PL,매출원가,손익,손익
제조세금과공과-국민연금,PL,매출원가,손익,손익
제조지급임차료-임차료,PL,매출원가,손익,손익
제조지급임차료-차량임차료,PL,매출원가,손익,손익
제조지급임차료-건물임차료,PL,매출원가,손익,손익
제조지급임차료-장비임차료,PL,매출원가,손익,손익
"제조지급임차료-사외창고, 컨테이너 임차료",PL,매출원가,손익,손익
제조접대비-접대비,PL,매출원가,손익,손익
제조도서인쇄비-외주인쇄비,PL,매출원가,손익,손익
제조도서인쇄비-간행물도서류,PL,매출원가,손익,손익
제조잡비-잡비,PL,매출원가,손익,손익
제조해외시장개척비-해외여비교통비,PL,매출원가,손익,손익
제조해외시장개척비-해외사무소경비,PL,매출원가,손익,손익
제조해외시장개척비-기타,PL,매출원가,손익,손익
제조주식보상비용-주식보상비용,PL,매출원가,손익,손익
제조차량유지비-유류비,PL,매출원가,손익,손익
제조차량유지비-수리부품대,PL,매출원가,손익,손익
제조차량유지비-차량검사비,PL,매출원가,손익,손익
제조차량유지비-자가운전유지비,PL,매출원가,손익,손익
제조차량유지비-기타,PL,매출원가,손익,손익
제조교육훈련비-사내교육,PL,매출원가,손익,손익
제조교육훈련비-사외위탁교육,PL,매출원가,손익,손익
제조교육훈련비-신입사원교육,PL,매출원가,손익,손익
제조교육훈련비-채용경비,PL,매출원가,손익,손익
제조교육훈련비-해외연수비,PL,매출원가,손익,손익
제조교육훈련비-교육참가일당,PL,매출원가,손익,손익
제조교육훈련비-기타,PL,매출원가,손익,손익
제조교육훈련비-직무교육(사내교육),PL,매출원가,손익,손익
제조교육훈련비-직무교육(사외위탁교육),PL,매출원가,손익,손익
제조교육훈련비-직무교육(교육참가일당),PL,매출원가,손익,손익
제조교육훈련비-계층교육(사내교육),PL,매출원가,손익,손익
제조교육훈련비-계층교육(사외위탁교육),PL,매출원가,손익,손익
제조교육훈련비-계층교육(교육참가일당),PL,매출원가,손익,손익
제조교육훈련비-조직활성화교육(사내교육),PL,매출원가,손익,손익
제조교육훈련비-조직활성화교육(사외위탁교육),PL,매출원가,손익,손익
제조교육훈련비-조직활성화교육(교육참가일당),PL,매출원가,손익,손익
제조교육훈련비-자기개발교육(사내교육),PL,매출원가,손익,손익
제조교육훈련비-자기개발교육(사외위탁교육),PL,매출원가,손익,손익
제조교육훈련비-자기개발교육(교육참가일당),PL,매출원가,손익,손익
제조교육훈련비-온라인교육,PL,매출원가,손익,손익
제조여비교통비-시내교통비,PL,매출원가,손익,손익
제조여비교통비-국내출장비,PL,매출원가,손익,손익
제조여비교통비-기타,PL,매출원가,손익,손익
제조운반비-제품운반비,PL,매출원가,손익,손익
제조운반비-기계장치운반비,PL,매출원가,손익,손익
제조운반비-기타운반비,PL,매출원가,손익,손익
제조보험료-차량보험,PL,매출원가,손익,손익
제조보험료-상해보험,PL,매출원가,손익,손익
제조보험료-제조물배상책임보험,PL,매출원가,손익,손익
제조보험료-단기수출선적보험,PL,매출원가,손익,손익
제조보험료-동산보험,PL,매출원가,손익,손익
제조보험료-화재보험,PL,매출원가,손익,손익
제조보험료-운송보험,PL,매출원가,손익,손익
제조보험료-기타,PL,매출원가,손익,손익
제조통신비-전용회선사용료,PL,매출원가,손익,손익
제조통신비-우편료,PL,매출원가,손익,손익
제조통신비-전화이용료,PL,매출원가,손익,손익
제조통신비-이동통신이용료,PL,매출원가,손익,손익
제조통신비-기타,PL,매출원가,손익,손익
제조수도광열비-도시가스,PL,매출원가,손익,손익
제조수도광열비-상하수도료,PL,매출원가,손익,손익
제조전력비-전력비,PL,매출원가,손익,손익
제조소모품비-사무용품비,PL,매출원가,손익,손익
제조소모품비-전산장비소모품,PL,매출원가,손익,손익
제조소모품비-제조장비소모품,PL,매출원가,손익,손익
제조소모품비-제조구매소모품,PL,매출원가,손익,손익
제조소모품비-전산장비기타,PL,매출원가,손익,손익
제조소모품비 - 시설장치,PL,매출원가,손익,손익
제조지급수수료(일반)-용역수수료,PL,매출원가,손익,손익
제조지급수수료(일반)-국내커미션,PL,매출원가,손익,손익
제조지급수수료(일반)-기타지급수수료,PL,매출원가,손익,손익
제조지급수수료(용역)-도급비용(일용직),PL,매출원가,손익,손익
"제조지급수수료(용역)-기타 도급비(영선,경비등)",PL,매출원가,손익,손익
제조경상개발비-재료비,PL,매출원가,손익,손익
매출원가-상품,PL,매출원가,손익,손익
매출원가-상품-Project,PL,매출원가,손익,손익
매출원가-부산물,PL,매출원가,손익,손익
매출원가-반제품,PL,매출원가,손익,손익
매출원가-원자재,PL,매출원가,손익,손익
매출원가-저장품,PL,매출원가,손익,손익
매출원가-저장품(에스원Only),PL,매출원가,손익,손익
매출원가-로열티,PL,매출원가,손익,손익
매출원가-임대료,PL,매출원가,손익,손익
매출원가-유상사급,PL,매출원가,손익,손익
매출원가-유상사급조정,PL,매출원가,손익,손익
매출원가-유상사급손익소거,PL,매출원가,손익,손익
용역매출원가-물류대행,PL,매출원가,손익,손익
용역매출원가-운반/보험,PL,매출원가,손익,손익
매출원가-A/S,PL,매출원가,손익,손익
매출원가-Warranty,PL,매출원가,손익,손익
매출원가-Service,PL,매출원가,손익,손익
매출원가-Service공사(에스원Only),PL,매출원가,손익,손익
매출원가-Agency,PL,매출원가,손익,손익
매출원가-물류,PL,매출원가,손익,손익
매출원가-R&D용역,PL,매출원가,손익,손익
매출원가-임가공,PL,매출원가,손익,손익
매출원가-기타용역,PL,매출원가,손익,손익
매출원가-진행기준-용역,PL,매출원가,손익,손익
매출원가-도급공사,PL,매출원가,손익,손익
매출원가-도급공사(물산Only),PL,매출원가,손익,손익
매출원가-분양공사,PL,매출원가,손익,손익
임가공매출원가-용역,PL,매출원가,손익,손익
급여-급여소급,PL,급여,손익,손익
급여-급여소급예정원가,PL,급여,손익,손익
급여-임금,PL,급여,손익,손익
급여-임금-소급,PL,급여,손익,손익
급여-임금-소급예정원가,PL,급여,손익,손익
급여-상여금,PL,급여,손익,손익
급여-상여금-비정기상여예정원가,PL,급여,손익,손익
급여-잡급,PL,급여,손익,손익
급여-잡급-판촉/AR,PL,급여,손익,손익
급여-잡급-잡급소급,PL,급여,손익,손익
급여-상여금-임금,PL,급여,손익,손익
급여-상여금-임금-비정기상여예정원가,PL,급여,손익,손익
급여-영업여사원,PL,급여,손익,손익
급여-영업여사원-급여소급,PL,급여,손익,손익
급여-영업여사원-급여소급예정원가,PL,급여,손익,손익
급여-상여금-영업여사원,PL,급여,손익,손익
급여-상여금-영업여사원-비정기상여예정,PL,급여,손익,손익
급여-성과상여금,PL,급여,손익,손익
급여-성과상여금-성과상여예정원가,PL,급여,손익,손익
급여-급여-유급휴가예정원가,PL,급여,손익,손익
급여및수당,PL,급여,손익,손익
상여금-정기상여,PL,급여,손익,손익
상여금-명절상여,PL,급여,손익,손익
상여금-휴가상여,PL,급여,손익,손익
상여금-생산성격려-PI,PL,급여,손익,손익
상여금-성과배분-PS,PL,급여,손익,손익
상여금-장기성과인센티브,PL,급여,손익,손익
상여금-기타,PL,급여,손익,손익
퇴직급여-임금,PL,급여,손익,손익
퇴직급여-확정급여형,PL,급여,손익,손익
퇴직급여-확정기여형,PL,급여,손익,손익
퇴직급여-기타,PL,급여,손익,손익
복리후생비-구내식당,PL,복리후생비,손익,손익
복리후생비-애경사비,PL,복리후생비,손익,손익
복리후생비-근무복대,PL,복리후생비,손익,손익
복리후생비-팀비,PL,복리후생비,손익,손익
복리후생비-건강진단비,PL,복리후생비,손익,손익
복리후생비-건전단체지원금,PL,복리후생비,손익,손익
복리후생비-사택/기숙사 유지관리비,PL,복리후생비,손익,손익
복리후생비-건강보험,PL,복리후생비,손익,손익
복리후생비-포상금,PL,복리후생비,손익,손익
복리후생비-고용보험,PL,복리후생비,손익,손익
복리후생비-석수대,PL,복리후생비,손익,손익
복리후생비-운영비,PL,복리후생비,손익,손익
복리후생비-재해보장/의료비,PL,복리후생비,손익,손익
복리후생비-회의식대,PL,복리후생비,손익,손익
복리후생비-사원선물대,PL,복리후생비,손익,손익
복리후생비-제/상품-자동,PL,복리후생비,손익,손익
복리후생비-연근식대,PL,복리후생비,손익,손익
복리후생비-판촉운영비,PL,복리후생비,손익,손익
복리후생비-판촉운영비-급여공제,PL,복리후생비,손익,손익
복리후생비-직장보육시설,PL,복리후생비,손익,손익
복리후생비-한마음,PL,복리후생비,손익,손익
복리후생비-상해보험/질병보험,PL,복리후생비,손익,손익
복리후생비-워크샵,PL,복리후생비,손익,손익
복리후생비-체력단련비,PL,복리후생비,손익,손익
복리후생비-하계휴양소,PL,복리후생비,손익,손익
복리후생비-기타,PL,복리후생비,손익,손익
복리후생비-연월차,PL,복리후생비,손익,손익
복리후생비-장기근속,PL,복리후생비,손익,손익
복리후생비-당직비,PL,복리후생비,손익,손익
복리후생비-개인연금,PL,복리후생비,손익,손익
복리후생비-학자금지원,PL,복리후생비,손익,손익
복리후생비-자기활동,PL,복리후생비,손익,손익
복리후생비-자가운전,PL,복리후생비,손익,손익
복리후생비-선물구입,PL,복리후생비,손익,손익
복리후생비-경조금,PL,복리후생비,손익,손익
복리후생비-의료비,PL,복리후생비,손익,손익
복리후생비-식대-주부식,PL,복리후생비,손익,손익
복리후생비-식대-잔업식,PL,복리후생비,손익,손익
복리후생비-식대-식당운영,PL,복리후생비,손익,손익
복리후생비-식대-기타,PL,복리후생비,손익,손익
복리후생비-체력단련,PL,복리후생비,손익,손익
복리후생비-시상,PL,복리후생비,손익,손익
복리후생비-주택임차,PL,복리후생비,손익,손익
복리후생비-기숙사,PL,복리후생비,손익,손익
복리후생비-국민연금보험료,PL,복리후생비,손익,손익
복리후생비-건강보험료,PL,복리후생비,손익,손익
복리후생비-산재보험료,PL,복리후생비,손익,손익
복리후생비-고용보험료,PL,복리후생비,손익,손익
복리후생비-상해보험료,PL,복리후생비,손익,손익
복리후생비-단체보험료,PL,복리후생비,손익,손익
복리후생비-장기요양보험료,PL,복리후생비,손익,손익
복리후생비-기타보험료,PL,복리후생비,손익,손익
복리후생비-시설운영,PL,복리후생비,손익,손익
복리후생비-행사지원,PL,복리후생비,손익,손익
복리후생비-통근버스임차,PL,복리후생비,손익,손익
복리후생비-사내근로복지기금,PL,복리후생비,손익,손익
복리후생비-노사활동,PL,복리후생비,손익,손익
복리후생비-동호회활동,PL,복리후생비,손익,손익
복리후생비-단체지원,PL,복리후생비,손익,손익
복리후생비-의료보험,PL,복리후생비,손익,손익
복리후생비-산재보험,PL,복리후생비,손익,손익
복리후생비-건강관리실 유지,PL,복리후생비,손익,손익
복리후생비-식비,PL,복리후생비,손익,손익
복리후생비-공상치료비,PL,복리후생비,손익,손익
복리후생비-선물대,PL,복리후생비,손익,손익
복리후생비-식당운영비,PL,복리후생비,손익,손익
복리후생비-회식비,PL,복리후생비,손익,손익
복리후생비-학자금,PL,복리후생비,손익,손익
복리후생비-종업원시상금,PL,복리후생비,손익,손익
복리후생비-통근버스운행비,PL,복리후생비,손익,손익
복리후생비-동호회보조비,PL,복리후생비,손익,손익
복리후생비-피복비,PL,복리후생비,손익,손익
복리후생비-업무수행비,PL,복리후생비,손익,손익
복리후생비-회의비,PL,복리후생비,손익,손익
복리후생비-보조금,PL,복리후생비,손익,손익
복리후생비-경조사금,PL,복리후생비,손익,손익
복리후생비-국민연금,PL,복리후생비,손익,손익
복리후생비-어린이집,PL,복리후생비,손익,손익
복리후생비-기숙사관리비용,PL,복리후생비,손익,손익
복리후생비-차량유지비,PL,복리후생비,손익,손익
복리후생비-야유회비,PL,복리후생비,손익,손익
복리후생비-이동전화지원요금,PL,복리후생비,손익,손익
복리후생비-노무관리비,PL,복리후생비,손익,손익
복리후생비-조직활성화비,PL,복리후생비,손익,손익
복리후생비-직무교류회,PL,복리후생비,손익,손익
여비교통비-시내교통비,PL,판관비,손익,손익
여비교통비-정액활동비,PL,판관비,손익,손익
여비교통비-국내출장-항공료,PL,판관비,손익,손익
여비교통비-국내출장-기타교통,PL,판관비,손익,손익
여비교통비-국내출장-숙박비,PL,판관비,손익,손익
여비교통비-국내출장-식비,PL,판관비,손익,손익
여비교통비-국내출장-일당,PL,판관비,손익,손익
여비교통비-국내출장-기타,PL,판관비,손익,손익
여비교통비-해외출장-항공료,PL,판관비,손익,손익
여비교통비-해외출장-기타교통,PL,판관비,손익,손익
여비교통비-해외출장-숙박비,PL,판관비,손익,손익
여비교통비-해외출장-식비,PL,판관비,손익,손익
여비교통비-해외출장-일당,PL,판관비,손익,손익
여비교통비-해외출장-기타,PL,판관비,손익,손익
여비교통비-전임및부임여비,PL,판관비,손익,손익
여비교통비-파견비,PL,판관비,손익,손익
여비교통비-기타,PL,판관비,손익,손익
교육훈련비-사내교육비,PL,판관비,손익,손익
교육훈련비-사외위탁교육비,PL,판관비,손익,손익
교육훈련비-해외교육비,PL,판관비,손익,손익
교육훈련비-해외연수비,PL,판관비,손익,손익
교육훈련비-사이버연수,PL,판관비,손익,손익
교육훈련비-채용경비,PL,판관비,손익,손익
교육훈련비-기술교육비,PL,판관비,손익,손익
교육훈련비-어학지원비,PL,판관비,손익,손익
교육훈련비-자격취득지원,PL,판관비,손익,손익
교육훈련비-강사료,PL,판관비,손익,손익
교육훈련비-운영비,PL,판관비,손익,손익
교육훈련비-교재개발,PL,판관비,손익,손익
교육훈련비-기타,PL,판관비,손익,손익
교육공고료,PL,판관비,손익,손익
전산비-외주인건비,PL,판관비,손익,손익
전산비-시설료,PL,판관비,손익,손익
전산비-전산소모품비,PL,판관비,손익,손익
전산비-전산사용료,PL,판관비,손익,손익
전산비-기타,PL,판관비,손익,손익
통신비-전용회선료,PL,판관비,손익,손익
통신비-유선전화료,PL,판관비,손익,손익
통신비-무선전화료,PL,판관비,손익,손익
통신비-위성사용료,PL,판관비,손익,손익
통신비-회선가입비,PL,판관비,손익,손익
통신비-통신시설유지비,PL,판관비,손익,손익
통신비-경보기기,PL,판관비,손익,손익
문서발송료-기타,PL,판관비,손익,손익
통신비-전용회선사용료,PL,판관비,손익,손익
통신비-우편료,PL,판관비,손익,손익
통신비-전화이용료,PL,판관비,손익,손익
통신비-이동통신이용료,PL,판관비,손익,손익
통신비-기타,PL,판관비,손익,손익
유틸리티비-전력,PL,판관비,손익,손익
유틸리티비-연료,PL,판관비,손익,손익
유틸리티비-가스,PL,판관비,손익,손익
유틸리티비-용수,PL,판관비,손익,손익
유틸리티비-폐수처리,PL,판관비,손익,손익
유틸리티비-화공약품,PL,판관비,손익,손익
유틸리티비-증기,PL,판관비,손익,손익
유틸리티비-기타,PL,판관비,손익,손익
유틸리티비-배부,PL,판관비,손익,손익
세금과공과-가입협회비,PL,판관비,손익,손익
세금과공과-외국납부세액,PL,판관비,손익,손익
세금과공과-면허세,PL,판관비,손익,손익
세금과공과-자동차세,PL,판관비,손익,손익
세금과공과-인지세,PL,판관비,손익,손익
세금과공과-사업소세,PL,판관비,손익,손익
세금과공과-환경부담금,PL,판관비,손익,손익
세금과공과-대기/수질기본배출부과금,PL,판관비,손익,손익
세금과공과-주민세,PL,판관비,손익,손익
세금과공과-종합부동산세,PL,판관비,손익,손익
세금과공과-장애인고용분담금,PL,판관비,손익,손익
세금과공과-재산세,PL,판관비,손익,손익
세금과공과-증권거래세,PL,판관비,손익,손익
세금과공과-교통유발분담금,PL,판관비,손익,손익
세금과공과-상공회의소회비,PL,판관비,손익,손익
세금과공과-등록세,PL,판관비,손익,손익
세금과공과-교육세,PL,판관비,손익,손익
세금과공과-지역개발세,PL,판관비,손익,손익
세금과공과-도로점용료,PL,판관비,손익,손익
세금과공과-간주임대료,PL,판관비,손익,손익
세금과공과-취득세,PL,판관비,손익,손익
세금과공과-원인자부담금,PL,판관비,손익,손익
세금과공과-농어촌특별세,PL,판관비,손익,손익
세금과공과-공동시설세,PL,판관비,손익,손익
세금과공과-관세,PL,판관비,손익,손익
세금과공과-VAT공통매입세액안분액,PL,판관비,손익,손익
세금과공과-기타,PL,판관비,손익,손익
세금과공과-농특세,PL,판관비,손익,손익
세금과공과-재산분주민세,PL,판관비,손익,손익
세금과공과-지방소득세종업원분,PL,판관비,손익,손익
세금과공과-균등분주민세,PL,판관비,손익,손익
세금과공과-종합토지세,PL,판관비,손익,손익
세금과공과-도시계획세,PL,판관비,손익,손익
세금과공과-부가가치세,PL,판관비,손익,손익
세금과공과-건물재산세(에버랜드Only),PL,판관비,손익,손익
세금과공과-기타제세,PL,판관비,손익,손익
세금과공과-공유수면사용료,PL,판관비,손익,손익
세금과공과-폐기물부담금,PL,판관비,손익,손익
세금과공과-도로공간점용료,PL,판관비,손익,손익
세금과공과-교통유발부담금,PL,판관비,손익,손익
세금과공과-환경개선부담금,PL,판관비,손익,손익
세금과공과-저작료,PL,판관비,손익,손익
세금과공과-벌과금등,PL,판관비,손익,손익
세금과공과-제공과금,PL,판관비,손익,손익
세금과공과-장애인미고용부담금,PL,판관비,손익,손익
세금과공과-방홍세(China Only),PL,판관비,손익,손익
세금과공과-하도관리비(China Only),PL,판관비,손익,손익
세금과공과-공회비(China Only),PL,판관비,손익,손익
세금과공과-영업세(China Only),PL,판관비,손익,손익
세금과공과-제분담금,PL,판관비,손익,손익
세금과공과-기타협회비,PL,판관비,손익,손익
세금과공과-제회비,PL,판관비,손익,손익
세금과공과-인지증지대,PL,판관비,손익,손익
세금과공과-전력기금,PL,판관비,손익,손익
세금과공과-국민연금,PL,판관비,손익,손익
소모품비-저장품,PL,판관비,손익,손익
소모품비-사무용품,PL,판관비,손익,손익
소모품비-원자재성소모품,PL,판관비,손익,손익
소모품비-포자재성소모품,PL,판관비,손익,손익
소모품비-인쇄비,PL,판관비,손익,손익
소모품비-일반소모품,PL,판관비,손익,손익
소모품비-전산/통신소모용품,PL,판관비,손익,손익
소모품비-샘플비,PL,판관비,손익,손익
소모품비-시험연구,PL,판관비,손익,손익
소모품비-기계설비/부속소모품,PL,판관비,손익,손익
소모품비-생산현장소모품,PL,판관비,손익,손익
소모품비-복지시설/탕비실 소모품,PL,판관비,손익,손익
소모품비-사진현상/플랜카드,PL,판관비,손익,손익
소모품비-어음책대,PL,판관비,손익,손익
소모품비-매장소모품,PL,판관비,손익,손익
소모품비-매장소모품-자동,PL,판관비,손익,손익
소모품비-기타,PL,판관비,손익,손익
소모품비-후생용품,PL,판관비,손익,손익
소모품비-비품,PL,판관비,손익,손익
소모품비-개발용품,PL,판관비,손익,손익
소모품비-환경안전,PL,판관비,손익,손익
소모품비-생산용품,PL,판관비,손익,손익
소모품비-통신용품,PL,판관비,손익,손익
소모품비-매장용품,PL,판관비,손익,손익
소모품비-경보기기,PL,판관비,손익,손익
생산소모품비-도장용품,PL,판관비,손익,손익
생산소모품비-청정용품,PL,판관비,손익,손익
생산소모품비-환경용품,PL,판관비,손익,손익
생산소모품비-안전용품,PL,판관비,손익,손익
생산소모품비-금형,PL,판관비,손익,손익
생산소모품비-제품용품,PL,판관비,손익,손익
생산소모품비-작업용품,PL,판관비,손익,손익
생산소모품비-영업용품,PL,판관비,손익,손익
생산소모품비-매장용품,PL,판관비,손익,손익
생산소모품비-사료약품(에버랜드Only),PL,판관비,손익,손익
생산소모품비-종묘(에버랜드Only),PL,판관비,손익,손익
생산소모품비-기타용품,PL,판관비,손익,손익
지급임차료-건물,PL,지급임차료,손익,손익
지급임차료-기계장치,PL,지급임차료,손익,손익
지급임차료-토지,PL,지급임차료,손익,손익
지급임차료-전산기기/복사기/FAX,PL,지급임차료,손익,손익
지급임차료-차량운반구,PL,지급임차료,손익,손익
지급임차료-공기구비품,PL,지급임차료,손익,손익
지급임차료-파레트,PL,지급임차료,손익,손익
지급임차료-업무용승용차,PL,지급임차료,손익,손익
지급임차료-지게차/장비 등,PL,지급임차료,손익,손익
지급임차료-사용권자산,PL,지급임차료,손익,손익
지급임차료-기타,PL,지급임차료,손익,손익
임차료-토지,PL,지급임차료,손익,손익
임차료-건물,PL,지급임차료,손익,손익
임차료-구축물,PL,지급임차료,손익,손익
임차료-기계장치,PL,지급임차료,손익,손익
임차료-차량운반구,PL,지급임차료,손익,손익
임차료-비품,PL,지급임차료,손익,손익
임차료-컴퓨터,PL,지급임차료,손익,손익
임차료-복사기,PL,지급임차료,손익,손익
임차료-전산장비,PL,지급임차료,손익,손익
임차료-소프트웨어,PL,지급임차료,손익,손익
임차료-창고,PL,지급임차료,손익,손익
임차료-가설재,PL,지급임차료,손익,손익
임차료-운용리스료,PL,지급임차료,손익,손익
임차료-운용리스보험료,PL,지급임차료,손익,손익
임차료-기지국(에스원Only),PL,지급임차료,손익,손익
임차료-기타,PL,지급임차료,손익,손익
감가상각비,PL,감가상각비,손익류,손익
감가상각비-건물,PL,감가상각비,손익류,손익
감가상각비-구축물,PL,감가상각비,손익류,손익
감가상각비-기계장치,PL,감가상각비,손익류,손익
감가상각비-차량운반구,PL,감가상각비,손익류,손익
감가상각비-공기구비품,PL,감가상각비,손익류,손익
감가상각비-영업장비,PL,감가상각비,손익류,손익
감가상각비-전산비품,PL,감가상각비,손익류,손익
감가상각비-시험기자재,PL,감가상각비,손익류,손익
감가상각비-직장보육시설,PL,감가상각비,손익류,손익
감가상각비-금융리스자산,PL,감가상각비,손익류,손익
감가상각비-금형,PL,감가상각비,손익류,손익
감가상각비-사용권자산,PL,감가상각비,손익류,손익
감가상각비-건물부속설비,PL,감가상각비,손익류,손익
감가상각비-선박,PL,감가상각비,손익류,손익
감가상각비-항공기,PL,감가상각비,손익류,손익
감가상각비-공구기구,PL,감가상각비,손익류,손익
감가상각비-비품가구,PL,감가상각비,손익류,손익
감가상각비-동물,PL,감가상각비,손익류,손익
감가상각비-식물,PL,감가상각비,손익류,손익
감가상각비-임차자산개량권,PL,감가상각비,손익류,손익
감가상각비-전산장비,PL,감가상각비,손익류,손익
감가상각비-경보기기,PL,감가상각비,손익류,손익
감가상각비-경보설비,PL,감가상각비,손익류,손익
감가상각비-대수선,PL,감가상각비,손익류,손익
감가상각비-기타유형자산,PL,감가상각비,손익류,손익
감가상각비-투자부동산-건물,PL,감가상각비,손익류,손익
감가상각비-금융리스-건물,PL,감가상각비,손익류,손익
감가상각비-금융리스-건물부속설비,PL,감가상각비,손익류,손익
감가상각비-금융리스-구축물,PL,감가상각비,손익류,손익
감가상각비-금융리스-기계장치,PL,감가상각비,손익류,손익
감가상각비-금융리스-금형,PL,감가상각비,손익류,손익
감가상각비-금융리스-선박,PL,감가상각비,손익류,손익
감가상각비-금융리스-항공기,PL,감가상각비,손익류,손익
감가상각비-금융리스-차량운반구,PL,감가상각비,손익류,손익
감가상각비-금융리스-공구기구,PL,감가상각비,손익류,손익
감가상각비-금융리스-비품가구,PL,감가상각비,손익류,손익
감가상각비-금융리스-전산장비,PL,감가상각비,손익류,손익
감가상각비-금융리스-경보기기,PL,감가상각비,손익류,손익
감가상각비-금융리스-경보설비,PL,감가상각비,손익류,손익
감가상각비-금융리스-기타유형자산,PL,감가상각비,손익류,손익
수선유지비-건물,PL,판관비,손익,손익
수선유지비-건물부속설비,PL,판관비,손익,손익
수선유지비-구축물,PL,판관비,손익,손익
수선유지비-기계장치-자재비,PL,판관비,손익,손익
수선유지비-기계장치-인건비,PL,판관비,손익,손익
수선유지비-기계장치-부대비,PL,판관비,손익,손익
수선유지비-기계장치-기타,PL,판관비,손익,손익
수선유지비-중장비-연료비,PL,판관비,손익,손익
수선유지비-중장비-사용료,PL,판관비,손익,손익
수선유지비-중장비-수리비,PL,판관비,손익,손익
수선유지비-중장비-시운전비,PL,판관비,손익,손익
수선유지비-중장비-기타,PL,판관비,손익,손익
수선유지비-금형,PL,판관비,손익,손익
수선유지비-선박-연료비,PL,판관비,손익,손익
수선유지비-선박-수리비,PL,판관비,손익,손익
수선유지비-선박-기타,PL,판관비,손익,손익
수선유지비-항공기-연료비,PL,판관비,손익,손익
수선유지비-항공기-시설료,PL,판관비,손익,손익
수선유지비-항공기-수리비,PL,판관비,손익,손익
수선유지비-항공기-운항비,PL,판관비,손익,손익
수선유지비-항공기-기타,PL,판관비,손익,손익
수선유지비-차량운반구-유류대,PL,판관비,손익,손익
수선유지비-차량운반구-검사비,PL,판관비,손익,손익
수선유지비-차량운반구-수리비,PL,판관비,손익,손익
수선유지비-차량운반구-주차료,PL,판관비,손익,손익
수선유지비-차량운반구-용역료,PL,판관비,손익,손익
수선유지비-차량운반구-기타,PL,판관비,손익,손익
수선유지비-공구기구비품,PL,판관비,손익,손익
수선유지비-전산장비,PL,판관비,손익,손익
수선유지비-경보기기,PL,판관비,손익,손익
수선유지비-경보설비,PL,판관비,손익,손익
수선유지비-기타유형자산,PL,판관비,손익,손익
수선유지비-포장재(코닝정밀소재Only),PL,판관비,손익,손익
수선유지비-기타,PL,판관비,손익,손익
보험료-화재보험,PL,판관비,손익,손익
보험료-동산종합보험,PL,판관비,손익,손익
보험료-자동차보험,PL,판관비,손익,손익
보험료-중장비안전보험,PL,판관비,손익,손익
보험료-선박보험료,PL,판관비,손익,손익
보험료-리스자산,PL,판관비,손익,손익
보험료-보증보험,PL,판관비,손익,손익
보험료-채권보험,PL,판관비,손익,손익
보험료-운송보험,PL,판관비,손익,손익
보험료-수출보험,PL,판관비,손익,손익
보험료-조립보험,PL,판관비,손익,손익
보험료-건설공사보험,PL,판관비,손익,손익
보험료-제조물배상책임보험,PL,판관비,손익,손익
보험료-임원배상책임보험,PL,판관비,손익,손익
보험료-영업배상책임보험,PL,판관비,손익,손익
보험료-패키지보험,PL,판관비,손익,손익
보험료-개인손해배상보험,PL,판관비,손익,손익
보험료-법인손해배상보험,PL,판관비,손익,손익
보험료-공사고용보험(에버랜드Only),PL,판관비,손익,손익
보험료-공사산재보험(에버랜드Only),PL,판관비,손익,손익
보험료-차량보험,PL,판관비,손익,손익
보험료-상해보험,PL,판관비,손익,손익
보험료-단기수출선적보험,PL,판관비,손익,손익
보험료-동산보험,PL,판관비,손익,손익
보험료-기타,PL,판관비,손익,손익
교제비-접대비,PL,판관비,손익,손익
교제비-경조금,PL,판관비,손익,손익
교제비-기타,PL,판관비,손익,손익
광고선전비-신문,PL,판관비,손익,손익
광고선전비-잡지,PL,판관비,손익,손익
광고선전비-TV/라디오/인터넷,PL,판관비,손익,손익
광고선전비-옥외광고물,PL,판관비,손익,손익
광고선전비-WIDE칼라,PL,판관비,손익,손익
광고선전비-CF/드라마 제작,PL,판관비,손익,손익
광고선전비-광고물,PL,판관비,손익,손익
광고선전비-행사협찬/홍보-자동,PL,판관비,손익,손익
광고선전비-세미나비용,PL,판관비,손익,손익
광고선전비-인쇄비,PL,판관비,손익,손익
광고선전비-모델료,PL,판관비,손익,손익
광고선전비-행사협찬/홍보,PL,판관비,손익,손익
광고선전비-공장견학,PL,판관비,손익,손익
광고선전비-온라인,PL,판관비,손익,손익
광고선전비-신제품,PL,판관비,손익,손익
광고선전비-기타,PL,판관비,손익,손익
광고선전비-제상품광고-신문,PL,판관비,손익,손익
광고선전비-제상품광고-TV,PL,판관비,손익,손익
광고선전비-제상품광고-라디오,PL,판관비,손익,손익
광고선전비-제상품광고-인터넷,PL,판관비,손익,손익
광고선전비-제상품광고-옥외광고,PL,판관비,손익,손익
광고선전비-제상품광고-잡지,PL,판관비,손익,손익
광고선전비-제상품광고-기타매체,PL,판관비,손익,손익
광고선전비-기업광고-신문,PL,판관비,손익,손익
광고선전비-기업광고-TV,PL,판관비,손익,손익
광고선전비-기업광고-라디오,PL,판관비,손익,손익
광고선전비-기업광고-인터넷,PL,판관비,손익,손익
광고선전비-기업광고-옥외광고,PL,판관비,손익,손익
광고선전비-기업광고-잡지,PL,판관비,손익,손익
광고선전비-기업광고-기타매체,PL,판관비,손익,손익
광고선전비-기타광고-신문,PL,판관비,손익,손익
광고선전비-기타광고-TV,PL,판관비,손익,손익
광고선전비-기타광고-라디오,PL,판관비,손익,손익
광고선전비-기타광고-인터넷,PL,판관비,손익,손익
광고선전비-기타광고-옥외광고,PL,판관비,손익,손익
광고선전비-기타광고-잡지,PL,판관비,손익,손익
광고선전비-기타광고-기타매체,PL,판관비,손익,손익
광고선전비-스폰서광고,PL,판관비,손익,손익
광고선전비-거래선광고,PL,판관비,손익,손익
광고선전비-전시회,PL,판관비,손익,손익
홍보및협찬비-영상물제작,PL,판관비,손익,손익
홍보및협찬비-인쇄물제작,PL,판관비,손익,손익
홍보및협찬비-문화행사,PL,판관비,손익,손익
홍보및협찬비-기타,PL,판관비,손익,손익
광고선전비-기업광고,PL,판관비,손익,손익
광고선전비-광고고지,PL,판관비,손익,손익
광고선전비-판촉물제작,PL,판관비,손익,손익
운반비-수송-공장<->센타,PL,판관비,손익,손익
운반비-배송,PL,판관비,손익,손익
운반비-파레트,PL,판관비,손익,손익
운반비-기자재운반-공장<->공장,PL,판관비,손익,손익
운반비-계근비,PL,판관비,손익,손익
운반비-하운비,PL,판관비,손익,손익
운반비-폐기물,PL,판관비,손익,손익
운반비-배송-영업,PL,판관비,손익,손익
운반비-배송-용차비,PL,판관비,손익,손익
운반비-수송-센터<->센터,PL,판관비,손익,손익
운반비-물류_주차/통행료,PL,판관비,손익,손익
운반비-기타,PL,판관비,손익,손익
물류비-운반비-사내운반비,PL,판관비,손익,손익
물류비-운반비-내륙운반비,PL,판관비,손익,손익
물류비-운반비-해상운반비,PL,판관비,손익,손익
물류비-운반비-항공운반비,PL,판관비,손익,손익
물류비-운반비-직접배달비,PL,판관비,손익,손익
물류비-운반비-순회배송비,PL,판관비,손익,손익
물류비-운반비-교환운반비,PL,판관비,손익,손익
물류비-운반비-기타,PL,판관비,손익,손익
물류비-운송부대비-체선료,PL,판관비,손익,손익
물류비-운송부대비-항만시설이용료,PL,판관비,손익,손익
물류비-운송부대비-용역료,PL,판관비,손익,손익
물류비-보관료-창고비,PL,판관비,손익,손익
물류비-보관료-용역비,PL,판관비,손익,손익
물류비-보관료-기타,PL,판관비,손익,손익
물류비-기타,PL,판관비,손익,손익
차량유지비-유류비,PL,판관비,손익,손익
차량유지비-수리부품대,PL,판관비,손익,손익
차량유지비-차량검사비,PL,판관비,손익,손익
차량유지비-자가운전유지비,PL,판관비,손익,손익
차량유지비-기타,PL,판관비,손익,손익
도서비-사보발행,PL,판관비,손익,손익
도서비-일반도서구입,PL,판관비,손익,손익
도서비-간행물구입,PL,판관비,손익,손익
도서비-기타도서구입,PL,판관비,손익,손익
인쇄비-복사,PL,판관비,손익,손익
인쇄비-티켓,PL,판관비,손익,손익
인쇄비-기타,PL,판관비,손익,손익
도서인쇄비-배부,PL,판관비,손익,손익
신문도서비,PL,판관비,손익,손익
행사비-기념행사,PL,판관비,손익,손익
행사비-사회봉사및공헌,PL,판관비,손익,손익
행사비-체육대회,PL,판관비,손익,손익
행사비-세미나,PL,판관비,손익,손익
행사비-영업행사,PL,판관비,손익,손익
행사비-기타,PL,판관비,손익,손익
회의비-조직활성화,PL,판관비,손익,손익
회의비-책임자,PL,판관비,손익,손익
회의비-기타,PL,판관비,손익,손익
지급수수료-일반,PL,판관비,손익,손익
지급수수료-송금/추심,PL,판관비,손익,손익
지급수수료-택배,PL,판관비,손익,손익
지급수수료-제증명발급,PL,판관비,손익,손익
지급수수료-관리비,PL,판관비,손익,손익
지급수수료-보증,PL,판관비,손익,손익
지급수수료-무역관련,PL,판관비,손익,손익
지급수수료-전산용역료,PL,판관비,손익,손익
지급수수료-전산회선이용료,PL,판관비,손익,손익
지급수수료-전산유지보수,PL,판관비,손익,손익
지급수수료-일반기기유지보수,PL,판관비,손익,손익
지급수수료-부동산중개,PL,판관비,손익,손익
지급수수료-마케팅용역,PL,판관비,손익,손익
지급수수료-로얄티,PL,판관비,손익,손익
지급수수료-검사측정,PL,판관비,손익,손익
지급수수료-고문/자문료,PL,판관비,손익,손익
지급수수료-송무비용,PL,판관비,손익,손익
지급수수료-일반대행용역료,PL,판관비,손익,손익
지급수수료-반품폐기처리,PL,판관비,손익,손익
지급수수료-냉동/냉장/보관료,PL,판관비,손익,손익
지급수수료-행랑사용료,PL,판관비,손익,손익
지급수수료-DHL,PL,판관비,손익,손익
지급수수료-경비/보안시스템,PL,판관비,손익,손익
지급수수료-통근버스,PL,판관비,손익,손익
지급수수료-금융,PL,판관비,손익,손익
지급수수료-외부연구용역료,PL,판관비,손익,손익
지급수수료-협력사품질관리비,PL,판관비,손익,손익
지급수수료-대리운전-영업,PL,판관비,손익,손익
지급수수료-CO=FI기능영역조정용,PL,판관비,손익,손익
지급수수료-판매,PL,판관비,손익,손익
지급수수료-중개,PL,판관비,손익,손익
지급수수료-설치도급,PL,판관비,손익,손익
지급수수료-상품권,PL,판관비,손익,손익
지급수수료-카드,PL,판관비,손익,손익
지급수수료-운송,PL,판관비,손익,손익
지급수수료-영업,PL,판관비,손익,손익
지급수수료-유기시설(에버랜드Only),PL,판관비,손익,손익
지급수수료-세탁물(에버랜드Only),PL,판관비,손익,손익
지급수수료-관광사(에버랜드Only),PL,판관비,손익,손익
지급수수료-수출입수수료-환가료,PL,판관비,손익,손익
지급수수료-수출입수수료-NEGO,PL,판관비,손익,손익
지급수수료-수출입수수료-통관,PL,판관비,손익,손익
지급수수료-수출입수수료-부대비,PL,판관비,손익,손익
지급수수료-금융수수료-보증,PL,판관비,손익,손익
지급수수료-금융수수료-Link이자(물산Only),PL,판관비,손익,손익
지급수수료-금융수수료-기타,PL,판관비,손익,손익
지급수수료-설계비,PL,판관비,손익,손익
지급수수료-컨설팅비,PL,판관비,손익,손익
지급수수료-검사용역,PL,판관비,손익,손익
지급수수료-공사및도급용역,PL,판관비,손익,손익
지급수수료-환경안전,PL,판관비,손익,손익
지급수수료-입찰수주,PL,판관비,손익,손익
지급수수료-담보설정비,PL,판관비,손익,손익
지급수수료-소송비용,PL,판관비,손익,손익
지급수수료-감정,PL,판관비,손익,손익
지급수수료-특허,PL,판관비,손익,손익
지급수수료-증명,PL,판관비,손익,손익
지급수수료-법률용역자문,PL,판관비,손익,손익
지급수수료-회계감사등,PL,판관비,손익,손익
지급수수료-방송외주제작,PL,판관비,손익,손익
지급수수료-Recruting,PL,판관비,손익,손익
지급수수료-경비용역비,PL,판관비,손익,손익
지급수수료-보안관리,PL,판관비,손익,손익
지급수수료-소각로용역,PL,판관비,손익,손익
지급수수료-청소용역,PL,판관비,손익,손익
지급수수료-복사기용역,PL,판관비,손익,손익
지급수수료-판매용역,PL,판관비,손익,손익
지급수수료-식당용역,PL,판관비,손익,손익
지급수수료-건물및공단관리,PL,판관비,손익,손익
지급수수료-정원관리,PL,판관비,손익,손익
지급수수료-개발용역,PL,판관비,손익,손익
지급수수료-사무용역,PL,판관비,손익,손익
지급수수료-기타,PL,판관비,손익,손익
기술사용료-정액기술료,PL,판관비,손익,손익
기술사용료-정율기술료,PL,판관비,손익,손익
기술사용료-정액특허료,PL,판관비,손익,손익
기술사용료-정율특허료,PL,판관비,손익,손익
기술사용료-상표사용료,PL,판관비,손익,손익
기술사용료-위탁용역비,PL,판관비,손익,손익
기술사용료-기술도입비,PL,판관비,손익,손익
기술사용료-기술자문비,PL,판관비,손익,손익
기술사용료-고문체제비,PL,판관비,손익,손익
기술사용료-국제공동사업권상각,PL,판관비,손익,손익
기술사용료-기타,PL,판관비,손익,손익
대손상각비-매출채권,PL,대손상각비,손익류,손익
대손상각비-장기매출채권,PL,대손상각비,손익류,손익
대손상각비-기타,PL,대손상각비,손익류,손익
대손상각비-수출외상매출금,PL,대손상각비,손익류,손익
대손상각비-받을어음,PL,대손상각비,손익류,손익
대손상각비,PL,대손상각비,손익류,손익
무형자산상각비,PL,무형자산상각비,손익류,손익
무형자산상각비-영업권,PL,무형자산상각비,손익류,손익
무형자산상각비-산업재산권,PL,무형자산상각비,손익류,손익
무형자산상각비-광업권,PL,무형자산상각비,손익류,손익
무형자산상각비-개발비,PL,무형자산상각비,손익류,손익
무형자산상각비-시설이용권,PL,무형자산상각비,손익류,손익
무형자산상각비-소프트웨어,PL,무형자산상각비,손익류,손익
무형자산상각비-회원권,PL,무형자산상각비,손익류,손익
무형자산상각비-기타무형자산,PL,무형자산상각비,손익류,손익
임가공비-가공,PL,판관비,손익,손익
임가공비-조립,PL,판관비,손익,손익
임가공비-설치공사,PL,판관비,손익,손익
임가공비-도장,PL,판관비,손익,손익
임가공비-기타,PL,판관비,손익,손익
서비스비-자재비,PL,판관비,손익,손익
서비스비-대행료,PL,판관비,손익,손익
서비스비-순회비용,PL,판관비,손익,손익
서비스비-무상제공,PL,판관비,손익,손익
서비스비-기타,PL,판관비,손익,손익
견본비-전시,PL,판관비,손익,손익
견본비-샘플제공,PL,판관비,손익,손익
견본비-무상제공,PL,판관비,손익,손익
견본비-규격취득,PL,판관비,손익,손익
견본비-견본검사,PL,판관비,손익,손익
견본비-기타,PL,판관비,손익,손익
판매수수료-판매수수료,PL,판관비,손익,손익
판매촉진비-제품 판촉물-자동,PL,판관비,손익,손익
판매촉진비-상품 판촉물-자동,PL,판관비,손익,손익
판매촉진비-외부 판촉물-자동,PL,판관비,손익,손익
판매촉진비-제/상품-경품-자동,PL,판관비,손익,손익
판매촉진비-외부-경품-자동,PL,판관비,손익,손익
판매촉진비-소모품,PL,판관비,손익,손익
판매촉진비-광고 인쇄물,PL,판관비,손익,손익
판매촉진비-시식/시음대-자동,PL,판관비,손익,손익
판매촉진비-적립포인트,PL,판관비,손익,손익
판매촉진비-할인쿠폰,PL,판관비,손익,손익
판매촉진비-판촉장비,PL,판관비,손익,손익
판매촉진비-시식/시음대,PL,판관비,손익,손익
판매촉진비-외부 판촉물,PL,판관비,손익,손익
판매촉진비-외부-경품,PL,판관비,손익,손익
판매촉진비-임직원판촉-자동,PL,판관비,손익,손익
판매촉진비-시식/시음대_3만원이하,PL,판관비,손익,손익
판매촉진비-시식/시음대_3만원초과,PL,판관비,손익,손익
판매촉진비-기타,PL,판관비,손익,손익
판매촉진비-세미나및전시회,PL,판관비,손익,손익
판매촉진비-판촉행사비,PL,판관비,손익,손익
판매촉진비-스폰서광고,PL,판관비,손익,손익
판매촉진비-판촉사은품,PL,판관비,손익,손익
판매촉진비-카달로그제작,PL,판관비,손익,손익
판매촉진비-Free Gift,PL,판관비,손익,손익
판매촉진비-외부영업인력수수료,PL,판관비,손익,손익
판매장려금,PL,판관비,손익,손익
검사비-재료및시약,PL,판관비,손익,손익
검사비-규칙준수및인증,PL,판관비,손익,손익
검사비-선급검사비(중공업Only),PL,판관비,손익,손익
검사비-기타,PL,판관비,손익,손익
시운전비,PL,판관비,손익,손익
조사비-시장조사,PL,판관비,손익,손익
조사비-자료조사,PL,판관비,손익,손익
조사비-품질조사,PL,판관비,손익,손익
조사비-규격인증,PL,판관비,손익,손익
조사비-연구위탁자문,PL,판관비,손익,손익
조사비-취재및출연료,PL,판관비,손익,손익
조사비-기타,PL,판관비,손익,손익
포장비-제품포장비,PL,판관비,손익,손익
포장비-포장재비(코닝정밀소재Only),PL,판관비,손익,손익
포장비-기타,PL,판관비,손익,손익
용역비-생산공정,PL,판관비,손익,손익
용역비-식당용역,PL,판관비,손익,손익
용역비-경비보안,PL,판관비,손익,손익
용역비-상하차,PL,판관비,손익,손익
용역비-포장용역,PL,판관비,손익,손익
용역비-청소/생산CIP용역,PL,판관비,손익,손익
용역비-생산제품및자재이적,PL,판관비,손익,손익
용역비-수선,PL,판관비,손익,손익
용역비-선물셋트/기획제품해체,PL,판관비,손익,손익
용역비-영업아웃소싱,PL,판관비,손익,손익
용역비-기타,PL,판관비,손익,손익
외주비,PL,판관비,손익,손익
외주비-공사,PL,판관비,손익,손익
외주비-용역,PL,판관비,손익,손익
외주비-선물환,PL,판관비,손익,손익
외주용역비,PL,판관비,손익,손익
제품보증충당부채전입,PL,충당금(부채)전입(환액),손익류,손익
공사손실충당부채전입,PL,충당금(부채)전입(환액),손익류,손익
하자보수충당부채전입,PL,충당금(부채)전입(환액),손익류,손익
복구충당부채전입,PL,충당금(부채)전입(환액),손익류,손익
우발손실충당부채전입,PL,충당금(부채)전입(환액),손익류,손익
경상개발비-주식보상비용,PL,판관비,손익,손익
경상개발비-특허료,PL,판관비,손익,손익
경상개발비-도서구입비,PL,판관비,손익,손익
경상개발비-시험연구비,PL,판관비,손익,손익
경상개발비-국내출장비,PL,판관비,손익,손익
경상개발비-해외출장비,PL,판관비,손익,손익
경상개발비-협회비,PL,판관비,손익,손익
경상개발비-식비,PL,판관비,손익,손익
경상개발비-운반비,PL,판관비,손익,손익
경상개발비-교육훈련비,PL,판관비,손익,손익
경상개발비-소모품비,PL,판관비,손익,손익
경상개발비-지급수수료,PL,판관비,손익,손익
경상개발비-직무교육(사내교육),PL,판관비,손익,손익
경상개발비-직무교육(사외위탁교육),PL,판관비,손익,손익
경상개발비-직무교육(교육참가일당),PL,판관비,손익,손익
경상개발비-계층교육(사내교육),PL,판관비,손익,손익
경상개발비-계층교육(사외위탁교육),PL,판관비,손익,손익
경상개발비-계층교육(교육참가일당),PL,판관비,손익,손익
경상개발비-조직활성화교육(사내교육),PL,판관비,손익,손익
경상개발비-조직활성화교육(사외위탁교육),PL,판관비,손익,손익
경상개발비-조직활성화교육(교육참가일당),PL,판관비,손익,손익
경상개발비-자기개발교육(사내교육),PL,판관비,손익,손익
경상개발비-자기개발교육(사외위탁교육),PL,판관비,손익,손익
경상개발비-자기개발교육(교육참가일당),PL,판관비,손익,손익
경상개발비-온라인교육,PL,판관비,손익,손익
경상개발비-제조통신비,PL,판관비,손익,손익
경상개발비-제조운반비,PL,판관비,손익,손익
경상개발비-제조잡비,PL,판관비,손익,손익
경상개발비-제조지급수수료(일반),PL,판관비,손익,손익
경상개발비-통신비,PL,판관비,손익,손익
경상개발비-경조사비,PL,판관비,손익,손익
경상개발비-업무수행비,PL,판관비,손익,손익
경상개발비-재료비,PL,판관비,손익,손익
경상개발비-노무비,PL,판관비,손익,손익
경상개발비-환차익,PL,판관비,손익,손익
경상개발비-조직활성화비,PL,판관비,손익,손익
경상개발비-국책과제,PL,판관비,손익,손익
수출제비용-내륙운송비,PL,판관비,손익,손익
수출제비용-해상운송비,PL,판관비,손익,손익
수출제비용-항공운송비,PL,판관비,손익,손익
수출제비용-수출보험료,PL,판관비,손익,손익
수출제비용-통관수수료,PL,판관비,손익,손익
수출제비용-해상보험료,PL,판관비,손익,손익
수출제비용-Less Charge외,PL,판관비,손익,손익
수출제비용-기타/THC/취급수수료/DOC.FEE,PL,판관비,손익,손익
수출제비용-수출커미션,PL,판관비,손익,손익
수출입제비용-해외커미션,PL,판관비,손익,손익
수출입제비용-수출매출채권정산비,PL,판관비,손익,손익
수출입제비용-매입수수료,PL,판관비,손익,손익
수출입제비용-기타수출입제비용,PL,판관비,손익,손익
수출비용,PL,판관비,손익,손익
기타수익,PL,기타영업외손익,손익,손익
배당금수익,PL,기타영업외손익,손익,손익
위탁관리수수료수익,PL,기타영업외손익,손익,손익
임대료수익,PL,기타영업외손익,손익,손익
매도가능금융자산처분이익,PL,처분손익,처분류,손익
매도가능금융자산손상차손환입,PL,손상차손,손익류,손익
종속관계기업투자주식처분이익,PL,처분손익,처분류,손익
재고자산처분이익,PL,처분손익,처분류,손익
사용권자산중도상환이익,PL,기타영업외손익,손익,손익
보상비용,PL,기타영업외손익,손익,손익
수입수수료,PL,기타영업외손익,손익,손익
로열티수익,PL,기타영업외손익,손익,손익
상품권기간경과이익,PL,기타영업외손익,손익,손익
잡이익,PL,기타영업외손익,손익,손익
기타비용,PL,기타영업외손익,손익,손익
매출채권처분손실,PL,처분손익,처분류,손익
재고자산처분손실,PL,처분손익,처분류,손익
재고자산폐기손실,PL,기타영업외손익,손익,손익
재고자산감모손실,PL,감모손실,손익류,손익
재고감모손실,PL,감모손실,손익류,손익
감모손실,PL,감모손실,손익류,손익
재고자산감모,PL,감모손실,손익류,손익
재고감모,PL,감모손실,손익류,손익
종속관계기업투자주식처분손실,PL,처분손익,처분류,손익
당기손익공정가치측정금융자산처분이익,PL,처분손익,처분류,손익
당기손익공정가치금융자산처분손실,PL,처분손익,처분류,손익
기타자산처분손실,PL,처분손익,처분류,손익
투자부동산처분손실,PL,처분손익,처분류,손익
투자부동산폐기손실,PL,처분손익,처분류,손익
유형자산처분손실,PL,처분손익,처분류,손익
유형자산폐기손실,PL,처분손익,처분류,손익
유형자산제각손실,PL,처분손익,처분류,손익
유형자산평가손실,PL,처분손익,처분류,손익
무형자산처분손실,PL,처분손익,처분류,손익
투자부동산상각비,PL,감가상각비,손익류,손익
운휴자산상각비,PL,감가상각비,손익류,손익
투자부동산유지관리비,PL,기타영업외손익,손익,손익
사회기여금,PL,기타영업외손익,손익,손익
기부금,PL,기타영업외손익,손익,손익
기타의지급수수료,PL,기타영업외손익,손익,손익
기술용역비,PL,기타영업외손익,손익,손익
위탁관리수수료,PL,기타영업외손익,손익,손익
로열티비용,PL,기타영업외손익,손익,손익
잡손실,PL,기타영업외손익,손익,손익
재해손실,PL,기타영업외손익,손익,손익
파생상품거래이익,PL,기타영업외손익,손익,손익
당기손익-공정가치평가금융상품처분이익,PL,처분손익,처분류,손익
당기손익-공정가치평가금융상품처분손실,PL,처분손익,처분류,손익
매각예정순자산처분이익,PL,처분손익,처분류,손익
매각예정자산손상차손환입,PL,손상차손,손익류,손익
생물자산처분이익,PL,처분손익,처분류,손익
생물자산평가이익,PL,평가손익,손익류,손익
생물자산손상차손환입,PL,손상차손,손익류,손익
유형자산손상차손환입,PL,손상차손,손익류,손익
부의영업권환입 ,PL,기타영업외손익,손익,손익
국고보조금이익,PL,기타영업외손익,손익,손익
국고보조금상환이익,PL,기타영업외손익,손익,손익
대손충당금환입-매출채권,PL,충당금(부채)전입(환액),손익류,손익
대손충당금환입-장기매출채권,PL,충당금(부채)전입(환액),손익류,손익
대손충당금환입-단기대여금,PL,충당금(부채)전입(환액),손익류,손익
대손충당금환입-장기대여금,PL,충당금(부채)전입(환액),손익류,손익
대손충당금환입-미수금,PL,충당금(부채)전입(환액),손익류,손익
대손충당금환입-장기미수금,PL,충당금(부채)전입(환액),손익류,손익
대손충당금환입-선급비용,PL,충당금(부채)전입(환액),손익류,손익
대손충당금환입-선급금,PL,충당금(부채)전입(환액),손익류,손익
대손충당금환입-장기선급금,PL,충당금(부채)전입(환액),손익류,손익
대손충당금환입-예치보증금,PL,충당금(부채)전입(환액),손익류,손익
대손충당금환입-장기보증금,PL,충당금(부채)전입(환액),손익류,손익
대손충당금환입-기타유동자산,PL,충당금(부채)전입(환액),손익류,손익
대손충당금환입-기타비유동자산,PL,충당금(부채)전입(환액),손익류,손익
대손충당금환입-기타,PL,충당금(부채)전입(환액),손익류,손익
제품보증충당부채환입,PL,충당금(부채)전입(환액),손익류,손익
공사손실충당부채환입,PL,충당금(부채)전입(환액),손익류,손익
하자보수충당부채환입,PL,충당금(부채)전입(환액),손익류,손익
상여충당부채환입,PL,충당금(부채)전입(환액),손익류,손익
복구충당부채환입,PL,충당금(부채)전입(환액),손익류,손익
우발손실충당부채환입,PL,충당금(부채)전입(환액),손익류,손익
연금정산이익,PL,기타영업외손익,손익,손익
연금중단이익,PL,기타영업외손익,손익,손익
수탁연구개발이익,PL,기타영업외손익,손익,손익
전기오류수정이익,PL,전기오류수정손익,손익류,손익
전기오류이익,PL,전기오류수정손익,손익류,손익
전기수정이익,PL,전기오류수정손익,손익류,손익
기타대손상각비-단기대여금,PL,대손상각비,손익류,손익
기타대손상각비-장기대여금,PL,대손상각비,손익류,손익
기타대손상각비-미수금,PL,대손상각비,손익류,손익
기타대손상각비-장기미수금,PL,대손상각비,손익류,손익
기타대손상각비-선급비용,PL,대손상각비,손익류,손익
기타대손상각비-선급금,PL,대손상각비,손익류,손익
기타대손상각비-장기선급금,PL,대손상각비,손익류,손익
기타대손상각비-예치보증금,PL,대손상각비,손익류,손익
기타대손상각비-장기보증금,PL,대손상각비,손익류,손익
기타대손상각비-기타유동자산,PL,대손상각비,손익류,손익
기타대손상각비-기타비유동자산,PL,대손상각비,손익류,손익
기타대손상각비-기타,PL,대손상각비,손익류,손익
연금정산손실,PL,기타영업외손익,손익,손익
연금중단손실,PL,기타영업외손익,손익,손익
기부금-법정,PL,기타영업외손익,손익,손익
기부금-지정,PL,기타영업외손익,손익,손익
기부금-비지정,PL,기타영업외손익,손익,손익
기부금-기타,PL,기타영업외손익,손익,손익
수탁연구개발손실,PL,기타영업외손익,손익,손익
전기오류수정손실,PL,전기오류수정손익,손익류,손익
전기오류손실,PL,전기오류수정손익,손익류,손익
전기수정손실,PL,전기오류수정손익,손익류,손익
자산재평가손실,PL,기타영업외손익,손익,손익
채무면제이익,PL,채무면제이익,손익류,손익
채무면제수익,PL,채무면제이익,손익류,손익
기타채무면제이익,PL,채무면제이익,손익류,손익
기타채무면제수익,PL,채무면제이익,손익류,손익
당기손익인식금융자산평가이익,PL,평가손익,손익류,손익
파생상품평가이익,PL,평가손익,손익류,손익
당기손익공정가치측정금융평가손실,PL,평가손익,손익류,손익
당기손익공정가치측정금융부채평가손실,PL,평가손익,손익류,손익
당기손익인식금융자산평가손실,PL,평가손익,손익류,손익
투자부동산손상차손환입,PL,기타영업외손익,손익,손익
유형자산처분이익,PL,기타영업외손익,손익,손익
무형자산처분이익,PL,기타영업외손익,손익,손익
무형자산손상차손환입,PL,기타영업외손익,손익,손익
기타의대손충당금환입,PL,대손상각비,손익류,손익
기타의대손상각비,PL,대손상각비,손익류,손익
파생상품평가손실,PL,평가손익,손익류,손익
투자부동산손상차손,PL,손상차손,손익류,손익
유형자산손상차손,PL,손상차손,손익류,손익
유형자산감액손실-건물,PL,손상차손,손익류,손익
유형자산감액손실-구축물,PL,손상차손,손익류,손익
유형자산감액손실-기계장치,PL,손상차손,손익류,손익
무형자산손상차손,PL,손상차손,손익류,손익
금융수익,PL,기타영업외금융손익,손익,손익
이자수익,PL,이자수익,이자류,손익
외환차익,PL,기타영업외금융손익,손익,손익
외화환산이익,PL,환산손익,손익류,손익
금융비용,PL,기타영업외금융손익,손익,손익
이자비용,PL,이자비용,이자류,손익
이자비용-일반대,PL,이자비용,이자류,손익
이자비용-시설대,PL,이자비용,이자류,손익
이자비용-회사채이자,PL,이자비용,이자류,손익
이자비용-회사채-사채발행비상각,PL,이자비용,이자류,손익
이자비용-유산스,PL,이자비용,이자류,손익
이자비용-부채현할차상각,PL,이자비용,이자류,손익
이자비용-환가료,PL,이자비용,이자류,손익
이자비용-리스부채,PL,이자비용,이자류,손익
이자비용-기타,PL,이자비용,이자류,손익
외환차손,PL,기타영업외금융손익,손익,손익
외화환산손실,PL,환산손익,손익류,손익
이자수익-예적금이자,PL,이자수익,이자류,손익
이자수익-유가증권이자,PL,이자수익,이자류,손익
이자수익-대여금이자,PL,이자수익,이자류,손익
이자수익-보험금이자,PL,이자수익,이자류,손익
이자수익-외환거래,PL,이자수익,이자류,손익
이자수익-할부이자,PL,이자수익,이자류,손익
이자수익-현할차상각,PL,이자수익,이자류,손익
이자수익-분양연체,PL,이자수익,이자류,손익
이자수익-기타,PL,이자수익,이자류,손익
외환차익-금융거래,PL,기타영업외금융손익,손익,손익
외화환산이익-금융거래,PL,환산손익,손익류,손익
파생상품평가이익-통화선도,PL,평가손익,손익류,손익
파생상품평가이익-통화스왑,PL,평가손익,손익류,손익
파생상품평가이익-통화옵션,PL,평가손익,손익류,손익
파생상품평가이익-이자율스왑,PL,평가손익,손익류,손익
파생상품평가이익-상품선물,PL,평가손익,손익류,손익
파생상품평가이익-상품선도,PL,평가손익,손익류,손익
파생상품평가이익-기타,PL,평가손익,손익류,손익
파생상품거래이익-통화선도,PL,기타영업외금융손익,손익,손익
파생상품거래이익-통화스왑,PL,기타영업외금융손익,손익,손익
파생상품거래이익-통화옵션,PL,기타영업외금융손익,손익,손익
파생상품거래이익-이자율스왑,PL,기타영업외금융손익,손익,손익
파생상품거래이익-상품선물,PL,기타영업외금융손익,손익,손익
파생상품거래이익-상품선도,PL,기타영업외금융손익,손익,손익
파생상품거래이익-기타,PL,기타영업외금융손익,손익,손익
위험회피중단이익,PL,기타영업외금융손익,손익,손익
사채상환이익,PL,기타영업외금융손익,손익,손익
이자비용-당좌차월이자,PL,이자비용,이자류,손익
이자비용-단기차입이자,PL,이자비용,이자류,손익
이자비용-사채-이자,PL,이자비용,이자류,손익
이자비용-사채-상각,PL,이자비용,이자류,손익
이자비용-장기차입금,PL,이자비용,이자류,손익
이자비용-금융리스,PL,이자비용,이자류,손익
이자비용-차입원가,PL,이자비용,이자류,손익
이자비용-현할차상각,PL,이자비용,이자류,손익
이자비용-AR매각(With Recourse),PL,이자비용,이자류,손익
외환차손-금융거래,PL,기타영업외금융손익,손익,손익
외화환산손실-금융거래,PL,환산손익,손익류,손익
지급보증료-사채,PL,기타영업외금융손익,손익,손익
지급보증료-차입금,PL,기타영업외금융손익,손익,손익
지급보증료-기타,PL,기타영업외금융손익,손익,손익
파생상품평가손실-통화선도,PL,평가손익,손익류,손익
파생상품평가손실-통화스왑,PL,평가손익,손익류,손익
파생상품평가손실-통화옵션,PL,평가손익,손익류,손익
파생상품평가손실-이자율스왑,PL,평가손익,손익류,손익
파생상품평가손실-상품선물,PL,평가손익,손익류,손익
파생상품평가손실-상품선도,PL,평가손익,손익류,손익
파생상품평가손실-기타,PL,평가손익,손익류,손익
파생상품거래손실-통화선도,PL,기타영업외금융손익,손익,손익
파생상품거래손실-통화스왑,PL,기타영업외금융손익,손익,손익
파생상품거래손실-통화옵션,PL,기타영업외금융손익,손익,손익
파생상품거래손실-이자율스왑,PL,기타영업외금융손익,손익,손익
파생상품거래손실-상품선물,PL,기타영업외금융손익,손익,손익
파생상품거래손실-상품선도,PL,기타영업외금융손익,손익,손익
파생상품거래손실-기타,PL,기타영업외금융손익,손익,손익
위험회피중단손실,PL,기타영업외금융손익,손익,손익
사채상환손실,PL,기타영업외금융손익,손익,손익
사내선물환평가손익-금융거래,PL,기타영업외금융손익,손익,손익
사내선물환거래손익-금융거래,PL,기타영업외금융손익,손익,손익
차입금상환손실,PL,기타영업외금융손익,손익,손익
금융보증수익,PL,기타영업외금융손익,손익,손익
지분법손실,PL,지분법손익,손익류,손익
비지배지분순이익,PL,비지배지분손익,손익,손익
비지배지분순손실,PL,비지배지분손익,손익,손익
지분법평가이익,PL,지분법손익,손익류,손익
지분법매각이익,PL,지분법손익,손익류,손익
지분법평가손실,PL,지분법손익,손익류,손익
지분법매각손실,PL,지분법손익,손익류,손익
법인세환급액,PL,법인세비용,손익,손익
법인세추납액,PL,법인세비용,손익,손익
법인세비용-법인세,PL,법인세비용,손익,손익
법인세비용-주민세,PL,법인세비용,손익,손익
법인세비용-농특세,PL,법인세비용,손익,손익
법인세비용-법인세환급,PL,법인세비용,손익,손익
법인세비용-법인세추납,PL,법인세비용,손익,손익
법인세비용-회계변경,PL,법인세비용,손익,손익
법인세비용-기타,PL,법인세비용,손익,손익
현금,BS,현금및현금성자산,현금,영업
당좌예금,BS,현금및현금성자산,현금,영업
보통예금,BS,현금및현금성자산,현금,영업
현금등가물,BS,현금및현금성자산,현금,영업
당좌예금-Bank Clearing,BS,현금및현금성자산,현금,영업
당좌예금-기타,BS,현금및현금성자산,현금,영업
보통예금-국고보조금,BS,국고보조금,차감,주계정
보통예금-Bank Clearing,BS,현금및현금성자산,현금,영업
보통예금-기타,BS,현금및현금성자산,현금,영업
현금성자산,BS,현금및현금성자산,현금,영업
현금및현금성자산-환율평가,BS,현금및현금성자산,현금,영업
현금및현금성자산-부문간배부,BS,현금및현금성자산,현금,영업
기타제예금,BS,현금및현금성자산,현금,영업
별단예금,BS,현금및현금성자산,현금,영업
기타현금등가물,BS,현금및현금성자산,현금,영업
금전신탁,BS,현금및현금성자산,현금,영업
정기예금,BS,단기금융상품,중간,재무
정기적금,BS,단기금융상품,중간,재무
신탁예금,BS,단기금융상품,중간,재무
특정예금,BS,단기금융상품,중간,재무
기타예금,BS,단기금융상품,중간,재무
기타단기금융상품,BS,단기금융상품,중간,재무
유동성 장기금융상품,BS,단기금융상품,중간,재무
단기금융상품-부문간배부,BS,단기금융상품,중간,재무
외화정기예금,BS,단기금융상품,중간,재무
상호부금,BS,단기금융상품,중간,재무
적립식신탁,BS,단기금융상품,중간,재무
기타부금,BS,단기금융상품,중간,재무
RP,BS,단기금융상품,중간,재무
CD,BS,단기금융상품,중간,재무
CP,BS,단기금융상품,중간,재무
매출채권-국내,BS,매출채권,일반,영업
매출채권-로칼,BS,매출채권,일반,영업
매출채권-해외,BS,매출채권,일반,영업
매출채권-받을어음,BS,매출채권,일반,영업
외상매출금-상품,BS,매출채권,일반,영업
외상매출금-제품,BS,매출채권,일반,영업
외상매출금-반제품,BS,매출채권,일반,영업
외상매출금-자재,BS,매출채권,일반,영업
외상매출금-진행기준-용역,BS,매출채권,일반,영업
외상매출금-Service,BS,매출채권,일반,영업
외상매출금-Agency,BS,매출채권,일반,영업
외상매출금-물류,BS,매출채권,일반,영업
외상매출금-임대료,BS,매출채권,일반,영업
외상매출금-임가공,BS,매출채권,일반,영업
외상매출금-ESCO사업,BS,매출채권,일반,영업
외상매출금-Service공사-에스원Only,BS,매출채권,일반,영업
대행미수금-기획Only,BS,매출채권,일반,영업
외상매출금-기타용역,BS,매출채권,일반,영업
외상매출금-반품,BS,매출채권,일반,영업
외상매출금-반품추정,BS,매출채권,일반,영업
외상매출금-매출에누리,BS,매출채권,일반,영업
외상매출금-매출할인,BS,매출채권,일반,영업
외상매출금-판매장려금,BS,매출채권,일반,영업
외상매출금-판가보전,BS,매출채권,일반,영업
외상매출금-부실채권,BS,매출채권,일반,영업
외상매출금-ABS,BS,매출채권,일반,영업
외상매출금-진행기준-용역-조정,BS,매출채권,일반,영업
외상매출금-차감조정,BS,매출채권,일반,영업
외상매출금-조정,BS,매출채권,일반,영업
외상매출금-기타,BS,매출채권,일반,영업
외상매출금-현할차,BS,매출채권,일반,영업
외상매출금-환율평가,BS,매출채권,일반,영업
외상매출금-대손충당금,BS,대손충당금,차감,주계정
공사미수금,BS,매출채권,일반,영업
공사미수금-조정,BS,매출채권,일반,영업
공사미수금-환율평가,BS,매출채권,일반,영업
공사미수금-대손충당금,BS,대손충당금,차감,주계정
분양미수금,BS,매출채권,일반,영업
분양미수금-옵션-물산Only,BS,매출채권,일반,영업
분양미수금-조정,BS,매출채권,일반,영업
분양미수금-환율평가,BS,매출채권,일반,영업
분양미수금-대손충당금,BS,대손충당금,차감,주계정
받을어음-상품,BS,매출채권,일반,영업
받을어음-제품,BS,매출채권,일반,영업
받을어음-자재,BS,매출채권,일반,영업
받을어음-진행기준-용역,BS,매출채권,일반,영업
받을어음-Service,BS,매출채권,일반,영업
받을어음-Agency,BS,매출채권,일반,영업
받을어음-물류,BS,매출채권,일반,영업
받을어음-임대료,BS,매출채권,일반,영업
받을어음-임가공,BS,매출채권,일반,영업
받을어음-기타용역,BS,매출채권,일반,영업
받을어음-추심우발채무,BS,매출채권,일반,영업
받을어음-할인우발채무,BS,매출채권,일반,영업
받을어음-부도어음,BS,매출채권,일반,영업
받을어음-기타,BS,매출채권,일반,영업
받을어음-실물어음,BS,매출채권,일반,영업
받을어음-현할차,BS,현재가치할인차금,차감,주계정
받을어음-환율평가,BS,매출채권,일반,영업
받을어음-대손충당금,BS,대손충당금,차감,주계정
받을어음-공사미수금,BS,매출채권,일반,영업
받을어음-공사미수금-환율평가,BS,매출채권,일반,영업
받을어음-공사미수금-대손충당금,BS,매출채권,일반,영업
받을어음-분양미수금,BS,매출채권,일반,영업
받을어음-분양미수금-환율평가,BS,매출채권,일반,영업
받을어음-분양미수금-대손충당금,BS,대손충당금,차감,주계정
유동성 장기매출채권,BS,매출채권,일반,영업
매출채권-부문간배부,BS,매출채권,일반,영업
장기외상매출금-상품,BS,매출채권,일반,영업
장기외상매출금-제품,BS,매출채권,일반,영업
장기외상매출금-자재,BS,매출채권,일반,영업
장기외상매출금-진행기준-용역,BS,매출채권,일반,영업
장기외상매출금-Service,BS,매출채권,일반,영업
장기외상매출금-Agency,BS,매출채권,일반,영업
장기외상매출금-물류,BS,매출채권,일반,영업
장기외상매출금-임대료,BS,매출채권,일반,영업
장기외상매출금-임가공,BS,매출채권,일반,영업
장기외상매출금-ESCO사업,BS,매출채권,일반,영업
장기외상매출금-기타용역,BS,매출채권,일반,영업
장기외상매출금-반품,BS,매출채권,일반,영업
장기외상매출금-매출에누리,BS,매출채권,일반,영업
장기외상매출금-매출할인,BS,매출채권,일반,영업
장기외상매출금-판매장려금,BS,매출채권,일반,영업
장기외상매출금-판가보전,BS,매출채권,일반,영업
장기외상매출금-부실채권,BS,매출채권,일반,영업
장기외상매출금-ABS,BS,매출채권,일반,영업
장기외상매출금-진행기준-용역-조정,BS,매출채권,일반,영업
장기외상매출금-기타,BS,매출채권,일반,영업
장기외상매출금-현할차,BS,현재가치할인차금,차감,주계정
장기외상매출금-환율평가,BS,매출채권,일반,영업
장기외상매출금-대손충당금,BS,대손충당금,차감,주계정
장기공사미수금,BS,매출채권,일반,영업
장기공사미수금-조정,BS,매출채권,일반,영업
장기공사미수금-환율평가,BS,매출채권,일반,영업
장기공사미수금-대손충당금,BS,대손충당금,차감,주계정
장기분양미수금,BS,매출채권,일반,영업
장기분양미수금-조정,BS,매출채권,일반,영업
장기분양미수금-환율평가,BS,매출채권,일반,영업
장기분양미수금-대손충당금,BS,대손충당금,차감,주계정
장기받을어음-상품,BS,매출채권,일반,영업
장기받을어음-제품,BS,매출채권,일반,영업
장기받을어음-자재,BS,매출채권,일반,영업
장기받을어음-진행기준-용역,BS,매출채권,일반,영업
장기받을어음-Service,BS,매출채권,일반,영업
장기받을어음-Agency,BS,매출채권,일반,영업
장기받을어음-물류,BS,매출채권,일반,영업
장기받을어음-임대료,BS,매출채권,일반,영업
장기받을어음-임가공,BS,매출채권,일반,영업
장기받을어음-기타용역,BS,매출채권,일반,영업
장기받을어음-추심우발채무,BS,매출채권,일반,영업
장기받을어음-할인우발채무,BS,매출채권,일반,영업
장기받을어음-부도어음,BS,매출채권,일반,영업
장기받을어음-기타,BS,매출채권,일반,영업
장기받을어음-실물어음,BS,매출채권,일반,영업
장기받을어음-현할차,BS,현재가치할인차금,차감,주계정
장기받을어음-환율평가,BS,매출채권,일반,영업
장기받을어음-대손충당금,BS,대손충당금,차감,주계정
장기받을어음-장기공사미수금,BS,매출채권,일반,영업
장기받을어음-장기공사미수금-환율평가,BS,매출채권,일반,영업
장기받을어음-장기공사미수금-대손충당금,BS,대손충당금,차감,주계정
장기받을어음-장기분양미수금,BS,매출채권,일반,영업
장기받을어음-장기분양미수금-환율평가,BS,매출채권,일반,영업
장기받을어음-장기분양미수금-대손충당금,BS,대손충당금,차감,주계정
장기매출채권-유동성대체,BS,매출채권,일반,영업
장기매출채권-부문간배부,BS,매출채권,일반,영업
수출외상매출금,BS,매출채권,일반,영업
대손충당금-수출외상매출금,BS,대손충당금,차감,주계정
대손충당금-외상매출금,BS,대손충당금,차감,주계정
대손충당금-받을어음,BS,대손충당금,차감,주계정
미수금-신용카드,BS,미수금,중간,영업
미수금-기타,BS,미수금,중간,영업
미수금-고정자산매각대,BS,미수금,중간,영업
미수금-재고매각대,BS,미수금,중간,영업
미수금-종업원,BS,미수금,중간,영업
미수금-Agency,BS,미수금,중간,영업
미수금-Claim-재고반품,BS,미수금,중간,영업
미수금-Claim,BS,미수금,중간,영업
미수금-상품권,BS,미수금,중간,영업
미수금-조정,BS,미수금,중간,영업
미수금-부가세,BS,미수금,중간,영업
미수금-관세,BS,미수금,중간,영업
미수금-주민세,BS,미수금,중간,영업
미수금-기타제세,BS,미수금,중간,영업
미수금-금융,BS,미수금,중간,영업
미수금-배당금수익,BS,미수금,중간,영업
미수금-현할차,BS,현재가치할인차금,차감,주계정
미수금-환율평가,BS,미수금,중간,영업
미수금-대손충당금,BS,대손충당금,차감,주계정
어음미수금-고정자산매각대,BS,미수금,중간,영업
어음미수금-재고자산매각대,BS,미수금,중간,영업
어음미수금-추심우발채무,BS,미수금,중간,영업
어음미수금-할인우발채무,BS,미수금,중간,영업
어음미수금-부도어음,BS,미수금,중간,영업
어음미수금-기타,BS,미수금,중간,영업
어음미수금-현할차,BS,현재가치할인차금,차감,주계정
어음미수금-환율평가,BS,미수금,중간,영업
어음미수금-대손충당금,BS,대손충당금,차감,주계정
유동성 장기미수금,BS,미수금,중간,영업
미수금-부문간배부,BS,미수금,중간,영업
장기미수금-고정자산매각대,BS,미수금,중간,영업
장기미수금-재고자산매각대,BS,미수금,중간,영업
장기미수금-종업원,BS,미수금,중간,영업
장기미수금-Agency,BS,미수금,중간,영업
장기미수금-상품권,BS,미수금,중간,영업
장기미수금-제세-기타,BS,미수금,중간,영업
장기미수금-금융,BS,미수금,중간,영업
장기금융리스자산,BS,미수금,중간,영업
장기미수금-기타,BS,미수금,중간,영업
장기미수금-현할차,BS,현재가치할인차금,차감,주계정
장기미수금-환율평가,BS,미수금,중간,영업
장기미수금-대손충당금,BS,대손충당금,차감,주계정
장기어음미수금-고정자산매각대,BS,미수금,중간,영업
장기어음미수금-재고자산매각대,BS,미수금,중간,영업
장기어음미수금-추심우발채무,BS,미수금,중간,영업
장기어음미수금-할인우발채무,BS,미수금,중간,영업
장기어음미수금-부도어음,BS,미수금,중간,영업
장기어음미수금-기타,BS,미수금,중간,영업
장기어음미수금-현할차,BS,현재가치할인차금,차감,주계정
장기어음미수금-환율평가,BS,미수금,중간,영업
장기어음미수금-대손충당금,BS,대손충당금,차감,주계정
장기미수금-유동성대체,BS,미수금,중간,영업
장기미수금-부문간배부,BS,미수금,중간,영업
미수수익-수입이자,BS,미수수익,중간,영업
미수이자,BS,미수수익,중간,영업
미수이자-기타,BS,미수수익,중간,영업
미수이자-예적금이자,BS,미수수익,중간,영업
미수이자-유가증권이자,BS,미수수익,중간,영업
미수수익-기타,BS,미수수익,중간,영업
미수수익-예적금이자,BS,미수수익,중간,영업
미수수익-유가증권이자,BS,미수수익,중간,영업
미수수익-대여금이자,BS,미수수익,중간,영업
미수수익-분양연체이자,BS,미수수익,중간,영업
미수수익-기타금융상품이자,BS,미수수익,중간,영업
미수수익-임대료,BS,미수수익,중간,영업
미수수익-시스템사용료,BS,미수수익,중간,영업
미수수익-환율평가,BS,미수수익,중간,영업
미수수익-대손충당금,BS,대손충당금,차감,주계정
미수수익-부문간배부,BS,미수수익,중간,영업
선급금-수입부가세,BS,선급금,중간,영업
선급금-기타,BS,선급금,중간,영업
선급금-재고매입,BS,선급금,중간,영업
선급금-영업거래,BS,선급금,중간,영업
선급금-외주비,BS,선급금,중간,영업
선급금-조정,BS,선급금,중간,영업
선급금-공사-자재구입,BS,선급금,중간,영업
선급금-공사-용지,BS,선급금,중간,영업
선급금-선물환,BS,선급금,중간,영업
선급금-대손충당금,BS,선급금,중간,영업
유동성 장기선급금,BS,선급금,중간,영업
선급금-부문간배부,BS,선급금,중간,영업
장기선급금-영업거래,BS,선급금,중간,영업
장기선급금-기타,BS,선급금,중간,영업
장기선급금-대손충당금,BS,대손충당금,차감,주계정
장기선급금-유동성대체,BS,선급금,중간,영업
장기선급금-부문간배부,BS,선급금,중간,영업
선급비용-이자비용,BS,선급비용,중간,영업
선급비용-차량보험료,BS,선급비용,중간,영업
선급비용-비정기상여-급여,BS,선급비용,중간,영업
선급비용-비정기상여-임금-시급직,BS,선급비용,중간,영업
선급비용-비정기상여-급여-SP,BS,선급비용,중간,영업
선급비용-보험료-보증보험료,BS,선급비용,중간,영업
선급비용-모델료,BS,선급비용,중간,영업
선급비용-지급보증수수료,BS,선급비용,중간,영업
선급비용-S/W유지보수료,BS,선급비용,중간,영업
선급비용-임차료-건물,BS,선급비용,중간,영업
선급비용-임차료-토지,BS,선급비용,중간,영업
선급비용-로열티,BS,선급비용,중간,영업
선급비용-환가료,BS,선급비용,중간,영업
선급비용-배상보험료,BS,선급비용,중간,영업
선급비용-행사/홍보,BS,선급비용,중간,영업
선급비용-판매장려금,BS,선급비용,중간,영업
선급비용-상해보험/질병보험,BS,선급비용,중간,영업
선급비용-도서비-신문,BS,선급비용,중간,영업
선급비용-통신비-정보이용료,BS,선급비용,중간,영업
선급비용-사용권자산,BS,선급비용,중간,영업
선급비용-기타,BS,선급비용,중간,영업
선급비용-상여금,BS,선급비용,중간,영업
선급비용-연월차,BS,선급비용,중간,영업
선급비용-국민연금보험,BS,선급비용,중간,영업
선급비용-건강보험,BS,선급비용,중간,영업
선급비용-산재보험,BS,선급비용,중간,영업
선급비용-고용보험,BS,선급비용,중간,영업
선급비용-상해보험,BS,선급비용,중간,영업
선급비용-단체보험,BS,선급비용,중간,영업
선급비용-장기요양보험,BS,선급비용,중간,영업
선급비용-기타복리후생,BS,선급비용,중간,영업
선급비용-화재보험료,BS,선급비용,중간,영업
선급비용-동산종합보험료,BS,선급비용,중간,영업
선급비용-자동차보험료,BS,선급비용,중간,영업
선급비용-중장비안전보험료,BS,선급비용,중간,영업
선급비용-선박보험료,BS,선급비용,중간,영업
선급비용-보증보험료,BS,선급비용,중간,영업
선급비용-채권보험료,BS,선급비용,중간,영업
선급비용-운송보험료,BS,선급비용,중간,영업
선급비용-수출보험료,BS,선급비용,중간,영업
선급비용-조립보험료,BS,선급비용,중간,영업
선급비용-건설공사보험료,BS,선급비용,중간,영업
선급비용-제조물배상책임보험료,BS,선급비용,중간,영업
선급비용-영업배상책임보험료,BS,선급비용,중간,영업
선급비용-패키지보험료,BS,선급비용,중간,영업
선급비용-기타보험료,BS,선급비용,중간,영업
선급비용-토지임차료,BS,선급비용,중간,영업
선급비용-건물임차료,BS,선급비용,중간,영업
선급비용-구축물임차료,BS,선급비용,중간,영업
선급비용-기계장치임차료,BS,선급비용,중간,영업
선급비용-차량운반구임차료,BS,선급비용,중간,영업
선급비용-컴퓨터임차료,BS,선급비용,중간,영업
선급비용-복사기임차료,BS,선급비용,중간,영업
선급비용-전산장비임차료,BS,선급비용,중간,영업
선급비용-소프트웨어임차료,BS,선급비용,중간,영업
선급비용-창고임차료,BS,선급비용,중간,영업
선급비용-가설재임차료,BS,선급비용,중간,영업
선급비용-운용리스료임차료,BS,선급비용,중간,영업
선급비용-운용리스보험료임차료,BS,선급비용,중간,영업
선급비용-기타임차료,BS,선급비용,중간,영업
선급비용-지급수수료,BS,선급비용,중간,영업
선급비용-광고선전비,BS,선급비용,중간,영업
선급비용-판매촉진비,BS,선급비용,중간,영업
선급비용-세금과공과,BS,선급비용,중간,영업
선급비용-기술사용료,BS,선급비용,중간,영업
선급비용-지급보증료,BS,선급비용,중간,영업
선급비용-물류비,BS,선급비용,중간,영업
선급비용-임가공비,BS,선급비용,중간,영업
선급비용-외주비,BS,선급비용,중간,영업
선급비용-선급공사원가,BS,선급비용,중간,영업
선급비용-사내근로복지기금,BS,선급비용,중간,영업
선급비용-가지급대체,BS,선급비용,중간,영업
선급비용-자본화비용,BS,선급비용,중간,영업
선급비용-비용이연,BS,선급비용,중간,영업
선급비용-비용이연-기획Only,BS,선급비용,중간,영업
선급비용-포장재비-코닝정밀소재Only,BS,선급비용,중간,영업
선급비용-Project원가,BS,선급비용,중간,영업
선급비용-Link이자-물산Only,BS,선급비용,중간,영업
선급비용-대손충당금,BS,대손충당금,차감,주계정
유동성 장기선급비용,BS,선급비용,중간,영업
선급비용-부문간배부,BS,선급비용,중간,영업
장기선급비용-상여금,BS,선급비용,중간,영업
장기선급비용-복리후생비,BS,선급비용,중간,영업
장기선급비용-보험료,BS,선급비용,중간,영업
장기선급비용-임차료,BS,선급비용,중간,영업
장기선급비용-지급수수료,BS,선급비용,중간,영업
장기선급비용-광고선전비,BS,선급비용,중간,영업
장기선급비용-판매촉진비,BS,선급비용,중간,영업
장기선급비용-세금과공과,BS,선급비용,중간,영업
장기선급비용-기술사용료,BS,선급비용,중간,영업
장기선급비용-이자비용,BS,선급비용,중간,영업
장기선급비용-지급보증료,BS,선급비용,중간,영업
장기선급비용-사내근로복지기금,BS,선급비용,중간,영업
장기선급비용-자본화비용,BS,선급비용,중간,영업
장기선급비용-기타,BS,선급비용,중간,영업
장기선급비용-유동성대체,BS,선급비용,중간,영업
장기선급비용-부문간배부,BS,선급비용,중간,영업
기타비유동자산,BS,선급비용,중간,영업
기타투자자산,BS,선급비용,중간,영업
장기선급금,BS,선급비용,중간,영업
대손충당금-장기선급금,BS,대손충당금,차감,주계정
장기선급비용,BS,선급비용,중간,영업
당기손익공정가치측정금융자산-국공채,BS,금융자산,일반,투자
당기손익공정가치측정금융자산-MMT,BS,금융자산,일반,투자
당기손익공정가치측정금융자산-옵션부주식,BS,금융자산,일반,투자
당기손익공정가치측정금융자산-투자자산,BS,금융자산,일반,투자
당기손익공정가치측정금융자산-상환우선주,BS,금융자산,일반,투자
상품,BS,재고자산,일반,영업
평가손실충당금-상품,BS,평가충당금,차감,주계정
제품,BS,재고자산,일반,영업
평가손실충당금-제품,BS,평가충당금,차감,주계정
국고보조금-제품,BS,국고보조금,차감,주계정
재공품,BS,재고자산,일반,영업
평가손실충당금-재공품,BS,평가충당금,차감,주계정
원재료,BS,재고자산,일반,영업
평가손실충당금-원재료,BS,평가충당금,차감,주계정
국고보조금,BS,국고보조금,차감,주계정
저장품,BS,재고자산,일반,영업
저장품-판촉물,BS,재고자산,일반,영업
저장품-유류,BS,재고자산,일반,영업
저장품-생산소모품,BS,재고자산,일반,영업
저장품-수선용품,BS,재고자산,일반,영업
저장품-환경용품,BS,재고자산,일반,영업
저장품-공업용수,BS,재고자산,일반,영업
미착품,BS,재고자산,일반,영업
미착품-상품,BS,재고자산,일반,영업
미착품-원재료,BS,재고자산,일반,영업
미착품-부재료,BS,재고자산,일반,영업
미착품-포재료,BS,재고자산,일반,영업
미착품-저장품,BS,재고자산,일반,영업
반품자산,BS,재고자산,일반,영업
완성상가,BS,재고자산,일반,영업
평가손실충당금,BS,평가충당금,차감,주계정
상품-반품추정,BS,재고자산,일반,영업
상품-반품추정-폐기충당,BS,재고자산,일반,영업
상품-Aging평가충당금,BS,평가충당금,차감,주계정
상품-저가법평가충당금,BS,평가충당금,차감,주계정
부산물,BS,재고자산,일반,영업
제품-반품추정,BS,재고자산,일반,영업
제품-반품추정-폐기충당,BS,재고자산,일반,영업
제품-Aging평가충당금,BS,평가충당금,차감,주계정
제품-저가법평가충당금,BS,평가충당금,차감,주계정
완성부동산,BS,재고자산,일반,영업
반제품,BS,재고자산,일반,영업
반제품-Aging평가충당금,BS,평가충당금,차감,주계정
반제품-저가법평가충당금,BS,평가충당금,차감,주계정
용지-평가충당금,BS,재고자산,일반,영업
미완성공사,BS,재고자산,일반,영업
미완성공사-평가충당금,BS,평가충당금,차감,주계정
재공품-Aging평가충당금,BS,평가충당금,차감,주계정
재공품-저가법평가충당금,BS,평가충당금,차감,주계정
원재료-선물환,BS,재고자산,일반,영업
원재료-조정,BS,재고자산,일반,영업
원재료-Aging평가충당금,BS,평가충당금,차감,주계정
원재료-저가법평가충당금,BS,평가충당금,차감,주계정
저장품-소모품,BS,재고자산,일반,영업
저장품-A/S자재,BS,재고자산,일반,영업
저장품-건설자재,BS,재고자산,일반,영업
저장품-수선용자재,BS,재고자산,일반,영업
저장품-소방자재-에버랜드Only,BS,재고자산,일반,영업
저장품-수목-에버랜드Only,BS,재고자산,일반,영업
저장품-저장기기-에스원Only,BS,재고자산,일반,영업
저장품-공사기기-에스원Only,BS,재고자산,일반,영업
저장품-기타,BS,재고자산,일반,영업
저장품-Aging평가충당금,BS,평가충당금,차감,주계정
저장품-저가법평가충당금,BS,평가충당금,차감,주계정
가설재-조정,BS,재고자산,일반,영업
미착품-물대-Target-상품,BS,재고자산,일반,영업
미착품-물대-Target-제품,BS,재고자산,일반,영업
미착품-물대-Target-반제품,BS,재고자산,일반,영업
미착품-물대-Target-원재료,BS,재고자산,일반,영업
미착품-물대-Target-저장품,BS,재고자산,일반,영업
미착품-물대-Target-가설재,BS,재고자산,일반,영업
미착품-관세-GR/IR-상품,BS,재고자산,일반,영업
미착품-관세-GR/IR-제품,BS,재고자산,일반,영업
미착품-관세-GR/IR-반제품,BS,재고자산,일반,영업
미착품-관세-GR/IR-원재료,BS,재고자산,일반,영업
미착품-관세-GR/IR-저장품,BS,재고자산,일반,영업
미착품-관세-GR/IR-가설재,BS,재고자산,일반,영업
미착품-관세-충당,BS,재고자산,일반,영업
미착품-부대비-GR/IR-상품,BS,재고자산,일반,영업
미착품-부대비-GR/IR-제품,BS,재고자산,일반,영업
미착품-부대비-GR/IR-반제품,BS,재고자산,일반,영업
미착품-부대비-GR/IR-원재료,BS,재고자산,일반,영업
미착품-부대비-GR/IR-저장품,BS,재고자산,일반,영업
미착품-부대비-GR/IR-가설재,BS,재고자산,일반,영업
GR/IR-부대비-GR/IR-운송료,BS,재고자산,일반,영업
GR/IR-부대비-GR/IR-보험료,BS,재고자산,일반,영업
GR/IR-부대비-GR/IR-기타,BS,재고자산,일반,영업
GR/IR-상품-물대,BS,재고자산,일반,영업
GR/IR-상품-조정,BS,재고자산,일반,영업
GR/IR-제품-물대,BS,재고자산,일반,영업
GR/IR-제품-조정,BS,재고자산,일반,영업
GR/IR-반제품-물대,BS,재고자산,일반,영업
GR/IR-반제품-조정,BS,재고자산,일반,영업
GR/IR-원재료-물대,BS,재고자산,일반,영업
GR/IR-원재료-조정,BS,재고자산,일반,영업
GR/IR-저장품-물대,BS,재고자산,일반,영업
GR/IR-저장품-조정,BS,재고자산,일반,영업
GR/IR-가설재-물대,BS,재고자산,일반,영업
GR/IR-가설재-조정,BS,재고자산,일반,영업
적송품-상품,BS,재고자산,일반,영업
적송품-제품,BS,재고자산,일반,영업
적송품-반제품,BS,재고자산,일반,영업
적송품-원재료,BS,재고자산,일반,영업
적송품-저장품,BS,재고자산,일반,영업
기타재고자산,BS,재고자산,일반,영업
기타재고자산-미실현이익조정,BS,재고자산,일반,영업
기타재고자산-Aging평가충당금,BS,평가충당금,차감,주계정
기타재고자산-저가법평가충당금,BS,평가충당금,차감,주계정
재고자산-부문간배부,BS,재고자산,일반,영업
용지,BS,재고자산,일반,영업
미완성건물,BS,재고자산,일반,영업
미완성주택,BS,재고자산,일반,영업
가설재,BS,재고자산,일반,영업
반품자산회수권,BS,재고자산,일반,영업
반품자산회수권-손상차손누계액,BS,손상차손누계액,차감,주계정
위탁원료,BS,재고자산,일반,영업
위탁원료-평가충당금,BS,평가충당금,차감,주계정
미착원자재,BS,재고자산,일반,영업
단기매매증권,BS,금융자산,일반,투자
단기대여금,BS,금융자산,일반,투자
단기대여금-거래처,BS,금융자산,일반,투자
단기대여금-관계사,BS,금융자산,일반,투자
단기대여금-Pooling,BS,금융자산,일반,투자
단기대여금-주주,BS,금융자산,일반,투자
단기대여금-Project,BS,금융자산,일반,투자
단기대여금-기타,BS,금융자산,일반,투자
단기대여금-현할차,BS,현재가치할인차금,차감,주계정
단기대여금-종업원-주택대부,BS,금융자산,일반,투자
단기대여금-종업원-우리사주,BS,금융자산,일반,투자
단기대여금-종업원-생활안정,BS,금융자산,일반,투자
단기대여금-종업원-차량구입,BS,금융자산,일반,투자
단기대여금-종업원-기타,BS,금융자산,일반,투자
단기대여금-종업원-현할차,BS,현재가치할인차금,차감,주계정
단기대여금-환율평가,BS,금융자산,일반,투자
단기대여금-대손충당금,BS,대손충당금,차감,주계정
유동성 장기대여금,BS,금융자산,일반,투자
단기대여금-부문간배부,BS,금융자산,일반,투자
기타비유동금융자산,BS,금융자산,일반,투자
장기성매출채권,BS,매출채권,일반,영업
장기대여금,BS,금융자산,일반,투자
장기미수금,BS,금융자산,일반,투자
대손충당금,BS,대손충당금,차감,주계정
현재가치할인차금-장기미수금,BS,현재가치할인차금,차감,주계정
보증금-임차보증금,BS,보증금,일반,영업
보증금-전신전화가입권,BS,보증금,일반,영업
보증금-영업보증금,BS,보증금,일반,영업
보증금-법원보관금,BS,보증금,일반,영업
보증금-지급보증금,BS,보증금,일반,영업
보증금-기타,BS,보증금,일반,영업
당기손익인식지정금융자산,BS,금융자산,일반,투자
장기대여금-거래처,BS,금융자산,일반,투자
장기대여금-관계사,BS,금융자산,일반,투자
장기대여금-주주,BS,금융자산,일반,투자
장기대여금-Project,BS,금융자산,일반,투자
장기대여금-기타,BS,금융자산,일반,투자
장기대여금-현할차,BS,현재가치할인차금,차감,주계정
장기대여금-종업원-주택대부,BS,금융자산,일반,투자
장기대여금-종업원-우리사주,BS,금융자산,일반,투자
장기대여금-종업원-생활안정,BS,금융자산,일반,투자
장기대여금-종업원-차량구입,BS,금융자산,일반,투자
장기대여금-종업원-기타,BS,금융자산,일반,투자
장기대여금-종업원-현할차,BS,현재가치할인차금,차감,주계정
장기대여금-환율평가,BS,금융자산,일반,투자
장기대여금-대손충당금,BS,금융자산,일반,투자
장기대여금-유동성대체,BS,금융자산,일반,투자
장기대여금-부문간배부,BS,금융자산,일반,투자
장기보증금-수입보증금,BS,보증금,일반,영업
장기보증금-환급관세,BS,보증금,일반,영업
장기보증금-거래보증금,BS,보증금,일반,영업
장기보증금-공탁금,BS,보증금,일반,영업
장기보증금-기타영업,BS,보증금,일반,영업
장기보증금-공사보증금,BS,보증금,일반,영업
장기보증금-입찰보증금,BS,보증금,일반,영업
장기보증금-계약보증금,BS,보증금,일반,영업
장기보증금-하자보증금,BS,보증금,일반,영업
장기보증금-사무실임차,BS,보증금,일반,영업
장기보증금-매장임차,BS,보증금,일반,영업
장기보증금-주택임차,BS,보증금,일반,영업
장기보증금-기타임차,BS,보증금,일반,영업
장기보증금-전신전화가입권,BS,보증금,일반,영업
장기보증금-기타가입권,BS,보증금,일반,영업
장기보증금-기타,BS,보증금,일반,영업
장기보증금-현할차,BS,현재가치할인차금,차감,주계정
장기보증금-환율평가,BS,보증금,일반,영업
장기보증금-대손충당금,BS,대손충당금,차감,주계정
장기보증금-유동성대체,BS,보증금,일반,영업
장기보증금-부문간배부,BS,보증금,일반,영업
단기대여금-주임종,BS,금융자산,일반,투자
장기대여금-주임종,BS,금융자산,일반,투자
장기미수수익,BS,미수수익,중간,영업
예치보증금-수입보증금,BS,보증금,일반,영업
예치보증금-환급관세,BS,보증금,일반,영업
예치보증금-거래보증금,BS,보증금,일반,영업
예치보증금-공탁금,BS,보증금,일반,영업
예치보증금-기타영업,BS,보증금,일반,영업
예치보증금-공사보증금,BS,보증금,일반,영업
예치보증금-입찰보증금,BS,보증금,일반,영업
예치보증금-계약보증금,BS,보증금,일반,영업
예치보증금-하자보증금,BS,보증금,일반,영업
예치보증금-사무실임차,BS,보증금,일반,영업
예치보증금-매장임차,BS,보증금,일반,영업
예치보증금-주택임차,BS,보증금,일반,영업
예치보증금-기타임차,BS,보증금,일반,영업
예치보증금-전신전화가입권,BS,보증금,일반,영업
예치보증금-기타가입권,BS,보증금,일반,영업
예치보증금-기타,BS,보증금,일반,영업
예치보증금-환율평가,BS,보증금,일반,영업
예치보증금-대손충당금,BS,대손충당금,차감,주계정
유동성 장기보증금,BS,보증금,일반,영업
예치보증금-부문간배부,BS,보증금,일반,영업
선급법인세-원천징수,BS,기타자산,일반,영업
선급법인세-중간예납,BS,기타자산,일반,영업
선급법인세-기타,BS,기타자산,일반,영업
선급법인세-부문간배부,BS,기타자산,일반,영업
매입부가세,BS,기타자산,일반,영업
매입부가세-이연,BS,기타자산,일반,영업
매입부가세-조정,BS,기타자산,일반,영업
매입부가세-부문간배부,BS,기타자산,일반,영업
전도금,BS,기타자산,일반,영업
전도금-환율평가,BS,기타자산,일반,영업
전도금-부문간배부,BS,기타자산,일반,영업
가지급금-경비,BS,가지급금,중간,영업
가지급금-출장비,BS,가지급금,중간,영업
가지급금-경조금,BS,가지급금,중간,영업
가지급금-기타,BS,가지급금,중간,영업
선급법인세,BS,선급비용,중간,영업
장기선급임차료,BS,선급비용,중간,영업
미수법인세환급액,BS,기타자산,일반,영업
미수법인세자산,BS,기타자산,일반,영업
매각예정유동자산,BS,매각예정자산,일반,영업
매각예정비유동자산,BS,매각예정자산,일반,영업
장기 정기예금,BS,금융자산,일반,투자
장기 정기적금,BS,금융자산,일반,투자
장기 신탁예금,BS,금융자산,일반,투자
장기 별단예금,BS,금융자산,일반,투자
장기 기타예금,BS,금융자산,일반,투자
기타장기금융상품,BS,금융자산,일반,투자
장기금융상품-유동성대체,BS,금융자산,일반,투자
장기금융상품-부문간배부,BS,금융자산,일반,투자
전세권,BS,금융자산,일반,투자
전신전화가입권,BS,금융자산,일반,투자
수입보증금,BS,보증금,일반,영업
기타보증금,BS,보증금,일반,영업
파생상품자산-유동-통화선도,BS,금융자산,일반,투자
파생상품자산-유동-통화스왑,BS,금융자산,일반,투자
파생상품자산-유동-통화옵션,BS,금융자산,일반,투자
파생상품자산-유동-이자율스왑,BS,금융자산,일반,투자
파생상품자산-유동-상품선물,BS,금융자산,일반,투자
파생상품자산-유동-상품선도,BS,금융자산,일반,투자
파생상품자산-유동-기타,BS,금융자산,일반,투자
유동성 파생상품자산,BS,금융자산,일반,투자
파생상품자산-유동-부문간배부,BS,금융자산,일반,투자
파생상품자산-통화선도,BS,금융자산,일반,투자
파생상품자산-통화스왑,BS,금융자산,일반,투자
파생상품자산-통화옵션,BS,금융자산,일반,투자
파생상품자산-이자율스왑,BS,금융자산,일반,투자
파생상품자산-상품선물,BS,금융자산,일반,투자
파생상품자산-상품선도,BS,금융자산,일반,투자
파생상품자산-통화선도-중공업Only,BS,금융자산,일반,투자
파생상품자산-기타,BS,금융자산,일반,투자
파생상품자산-유동성대체,BS,금융자산,일반,투자
파생상품자산-부문간배부,BS,금융자산,일반,투자
관계기업투자주식,BS,투자주식,일반,투자
공동기업투자주식,BS,투자주식,일반,투자
"종속,관계,JV 투자주식",BS,투자주식,일반,투자
투자차액-연결,BS,투자주식,일반,투자
"종속,관계,JV 투자주식-부문간배부",BS,투자주식,일반,투자
지분법적용투자주식,BS,투자주식,일반,투자
토지,BS,유형자산,일반,투자
토지-손상차손누계액,BS,손상차손누계액,차감,주계정
건물,BS,유형자산,일반,투자
건물-감가상각누계액,BS,감가상각누계액,차감,주계정
건물-손상차손누계액,BS,손상차손누계액,차감,주계정
건물-국고보조금,BS,국고보조금,차감,주계정
구축물,BS,유형자산,일반,투자
구축물-감가상각누계액,BS,감가상각누계액,차감,주계정
구축물-손상차손누계액,BS,손상차손누계액,차감,주계정
기계장치,BS,유형자산,일반,투자
기계장치-감가상각누계액,BS,감가상각누계액,차감,주계정
기계장치-손상차손누계액,BS,손상차손누계액,차감,주계정
기계장치-국고보조금,BS,국고보조금,차감,주계정
차량운반구,BS,유형자산,일반,투자
차량운반구-감가상각누계액,BS,감가상각누계액,차감,주계정
공구기구비품,BS,유형자산,일반,투자
공구기구비품-감가상각누계액,BS,감가상각누계액,차감,주계정
공구기구비품-손상차손누계액,BS,손상차손누계액,차감,주계정
공구기구비품-국고보조금,BS,국고보조금,차감,주계정
영업장비,BS,유형자산,일반,투자
영업장비-감가상각누계액,BS,감가상각누계액,차감,주계정
전산비품,BS,유형자산,일반,투자
전산비품-감가상각누계액,BS,감가상각누계액,차감,주계정
직장보육시설자산,BS,유형자산,일반,투자
직장보육시설자산-감가상각누계액,BS,감가상각누계액,차감,주계정
직장보육시설자산-국고보조금,BS,국고보조금,차감,주계정
금형,BS,유형자산,일반,투자
금형-감가상각누계액,BS,감가상각누계액,차감,주계정
시험기자재,BS,유형자산,일반,투자
시험기자재-감가상각누계액,BS,감가상각누계액,차감,주계정
시험기자재-국고보조금,BS,국고보조금,차감,주계정
건설중인자산,BS,유형자산,일반,투자
선박,BS,유형자산,일반,투자
선박-금융리스,BS,유형자산,일반,투자
선박-감가상각누계액,BS,감가상각누계액,차감,주계정
선박-감가상각누계액-금융리스,BS,감가상각누계액,차감,주계정
선박-손상차손누계액,BS,손상차손누계액,차감,주계정
항공기,BS,유형자산,일반,투자
항공기-금융리스,BS,유형자산,일반,투자
항공기-감가상각누계액,BS,감가상각누계액,차감,주계정
항공기-감가상각누계액-금융리스,BS,감가상각누계액,차감,주계정
항공기-손상차손누계액,BS,손상차손누계액,차감,주계정
동물,BS,유형자산,일반,투자
식물,BS,유형자산,일반,투자
임차자산개량권,BS,유형자산,일반,투자
전산장비,BS,유형자산,일반,투자
전산장비-금융리스,BS,유형자산,일반,투자
경보기기,BS,유형자산,일반,투자
경보설비,BS,유형자산,일반,투자
비상각자산,BS,유형자산,일반,투자
가설재-유형자산,BS,유형자산,일반,투자
기타유형자산,BS,유형자산,일반,투자
기타유형자산-금융리스,BS,유형자산,일반,투자
동물-감가상각누계액,BS,감가상각누계액,차감,주계정
식물-감가상각누계액,BS,감가상각누계액,차감,주계정
임차자산개량권-감가상각누계액,BS,감가상각누계액,차감,주계정
전산장비-감가상각누계액,BS,감가상각누계액,차감,주계정
전산장비-감가상각누계액-금융리스,BS,감가상각누계액,차감,주계정
경보기기-감가상각누계액,BS,감가상각누계액,차감,주계정
경보기기-감가상각누계액-금융리스,BS,감가상각누계액,차감,주계정
경보설비-감가상각누계액,BS,감가상각누계액,차감,주계정
경보설비-감가상각누계액-금융리스,BS,감가상각누계액,차감,주계정
기타유형자산-감가상각누계액,BS,감가상각누계액,차감,주계정
기타유형자산-감가상각누계액-금융리스,BS,감가상각누계액,차감,주계정
기타유형자산-손상차손누계액,BS,손상차손누계액,차감,주계정
건설중인자산-토지,BS,유형자산,일반,투자
건설중인자산-건물,BS,유형자산,일반,투자
건설중인자산-건물부속설비,BS,유형자산,일반,투자
건설중인자산-구축물,BS,유형자산,일반,투자
건설중인자산-기계장치,BS,유형자산,일반,투자
건설중인자산-기계장치-중장비,BS,유형자산,일반,투자
건설중인자산-금형,BS,유형자산,일반,투자
건설중인자산-선박,BS,유형자산,일반,투자
건설중인자산-항공기,BS,유형자산,일반,투자
건설중인자산-차량운반구,BS,유형자산,일반,투자
건설중인자산-공구기구,BS,유형자산,일반,투자
건설중인자산-비품가구,BS,유형자산,일반,투자
건설중인자산-기타유형자산,BS,유형자산,일반,투자
건설중인자산-공사제비,BS,유형자산,일반,투자
건설중인자산-차입원가,BS,유형자산,일반,투자
건설중인자산-무형자산,BS,유형자산,일반,투자
건설중인자산-손상차손누계액,BS,손상차손누계액,차감,주계정
미착자산-물대-Target,BS,재고자산,일반,영업
미착자산-관세-GR/IR,BS,재고자산,일반,영업
미착자산-관세-충당,BS,재고자산,일반,영업
미착자산-부대비-GR/IR,BS,재고자산,일반,영업
GR/IR-유형자산,BS,유형자산,일반,투자
GR/IR-유형자산-조정,BS,유형자산,일반,투자
유형자산-국고보조금,BS,국고보조금,차감,주계정
유형자산-공사부담금,BS,유형자산,일반,투자
입목,BS,유형자산,일반,투자
미착기계,BS,유형자산,일반,투자
중장비,BS,유형자산,일반,투자
중장비-감가상각누계액,BS,감가상각누계액,차감,주계정
중장비-손상차손누계액,BS,손상차손누계액,차감,주계정
건설가계정-유형자산,BS,유형자산,일반,투자
건설가계정-수선,BS,유형자산,일반,투자
건설가계정-특정차입금자본화,BS,유형자산,일반,투자
건설가계정-일반차입금자본화,BS,유형자산,일반,투자
건설가계정손상차손누계액,BS,손상차손누계액,차감,주계정
임차개량자산,BS,유형자산,일반,투자
임차개량자산감가상각누계액,BS,감가상각누계액,차감,주계정
임차개량자산손상차손누계액,BS,손상차손누계액,차감,주계정
탱크,BS,유형자산,일반,투자
탱크-감가상각누계액,BS,감가상각누계액,차감,주계정
임차시설물,BS,유형자산,일반,투자
임차시설물-감가상각누계액,BS,감가상각누계액,차감,주계정
감가상각누계액,BS,감가상각누계액,차감,주계정
손상차손누계액,BS,손상차손누계액,차감,주계정
투자부동산-토지,BS,투자부동산,일반,투자
투자부동산-건물,BS,투자부동산,일반,투자
투자부동산-감가상각누계액,BS,감가상각누계액,차감,주계정
투자부동산-손상차손누계액,BS,손상차손누계액,차감,주계정
투자부동산-부문간배부,BS,투자부동산,일반,투자
산업재산권,BS,무형자산,일반,투자
전용측선이용권,BS,무형자산,일반,투자
공업용수이용권,BS,무형자산,일반,투자
개발비,BS,무형자산,일반,투자
소프트웨어,BS,무형자산,일반,투자
임차권리금,BS,무형자산,일반,투자
회원권,BS,무형자산,일반,투자
기타의무형자산,BS,무형자산,일반,투자
영업권,BS,무형자산,일반,투자
부의영업권,BS,무형자산,일반,투자
국제공동사업권,BS,무형자산,일반,투자
특허권,BS,무형자산,일반,투자
실용신안권,BS,무형자산,일반,투자
의장권,BS,무형자산,일반,투자
상표권,BS,무형자산,일반,투자
판권,BS,무형자산,일반,투자
광업권,BS,무형자산,일반,투자
전기및가스시설이용권,BS,무형자산,일반,투자
전신전화전용시설이용권,BS,무형자산,일반,투자
공업용수도이용권,BS,무형자산,일반,투자
수도시설이용권,BS,무형자산,일반,투자
토지이용권,BS,무형자산,일반,투자
진입도로이용권,BS,무형자산,일반,투자
사용수익권,BS,무형자산,일반,투자
기타시설이용권,BS,무형자산,일반,투자
소프트웨어-외부구입,BS,무형자산,일반,투자
소프트웨어-내부개발,BS,무형자산,일반,투자
기타무형자산,BS,무형자산,일반,투자
무형자산-국고보조금,BS,국고보조금,차감,주계정
소프트웨어-국고보조금,BS,국고보조금,차감,주계정
개발비-국고보조금,BS,국고보조금,차감,주계정
무형자산-공사부담금,BS,무형자산,일반,투자
시설사용권,BS,무형자산,일반,투자
매입채무-재료,BS,매입채무,일반,영업
매입채무-상품,BS,매입채무,일반,영업
매입채무-외주가공,BS,매입채무,일반,영업
미확정매입채무,BS,매입채무,일반,영업
외상매입금-일반자재구입대,BS,매입채무,일반,영업
외상매입금-공사자재구입대,BS,매입채무,일반,영업
외상매입금-상품구입대,BS,매입채무,일반,영업
외상매입금-외주비,BS,매입채무,일반,영업
외상매입금-수입관세및부대비,BS,매입채무,일반,영업
외상매입금-GR/IR-구매송장미착,BS,매입채무,일반,영업
외상매입금-차감조정,BS,매입채무,일반,영업
외상매입금-조정,BS,매입채무,일반,영업
외상매입금-Service공사-에스원Only,BS,매입채무,일반,영업
대행미지급금-기획Only,BS,매입채무,일반,영업
외상매입금-반품,BS,매입채무,일반,영업
외상매입금-기타,BS,매입채무,일반,영업
외상매입금-현할차,BS,현재가치할인차금,차감,주계정
외상매입금-환율평가,BS,매입채무,일반,영업
지급어음-자재구입대,BS,매입채무,일반,영업
지급어음-공사자재구입대,BS,매입채무,일반,영업
지급어음-상품구입대,BS,매입채무,일반,영업
지급어음-외주비,BS,매입채무,일반,영업
지급어음-전자결제,BS,매입채무,일반,영업
지급어음-카드,BS,매입채무,일반,영업
지급어음-기타,BS,매입채무,일반,영업
지급어음-현할차,BS,현재가치할인차금,차감,주계정
지급어음-환율평가,BS,매입채무,일반,영업
유동성 장기매입채무,BS,매입채무,일반,영업
장기외상매입금-일반자재구입대,BS,매입채무,일반,영업
장기외상매입금-공사자재구입대,BS,매입채무,일반,영업
장기외상매입금-상품구입대,BS,매입채무,일반,영업
장기외상매입금-기타,BS,매입채무,일반,영업
장기외상매입금-현할차,BS,현재가치할인차금,차감,주계정
장기외상매입금-환율평가,BS,매입채무,일반,영업
장기지급어음-일반자재구입대,BS,매입채무,일반,영업
장기지급어음-공사자재구입대,BS,매입채무,일반,영업
장기지급어음-상품구입대,BS,매입채무,일반,영업
장기지급어음-기타,BS,매입채무,일반,영업
장기지급어음-현할차,BS,현재가치할인차금,차감,주계정
장기지급어음-환율평가,BS,매입채무,일반,영업
장기매입채무-유동성대체,BS,매입채무,일반,영업
수입외상매입금,BS,매입채무,일반,영업
단기차입금-원화,BS,차입금,일반,재무
단기차입금-외화,BS,차입금,일반,재무
단기차입금-수출환어음,BS,차입금,일반,재무
단기차입금-당좌차월,BS,차입금,일반,재무
단기차입금-일반대출,BS,차입금,일반,재무
단기차입금-신탁대출,BS,차입금,일반,재무
단기차입금-어음할인,BS,차입금,일반,재무
단기차입금-Pooling,BS,차입금,일반,재무
단기차입금-ABS,BS,차입금,일반,재무
단기차입금-AR매각-With Recourse,BS,차입금,일반,재무
단기차입금-Usance,BS,차입금,일반,재무
단기차입금-기타,BS,차입금,일반,재무
단기차입금-환율평가,BS,차입금,일반,재무
유동성 장기차입금,BS,차입금,일반,재무
단기차입금-부문간배부,BS,차입금,일반,재무
유동성사채,BS,차입금,일반,재무
단기차입금-관계사,BS,차입금,일반,재무
단기차입금-주임종,BS,차입금,일반,재무
단기차입금-시설,BS,차입금,일반,재무
미지급금-지급어음,BS,미지급금,중간,영업
미지급금-일반경비,BS,미지급금,중간,영업
미지급금-사원,BS,미지급금,중간,영업
미지급금-저장품,BS,미지급금,중간,영업
미지급금-시설,BS,미지급금,중간,영업
미지급금-신용카드,BS,미지급금,중간,영업
미지급금-급/상여,BS,미지급금,중간,영업
미지급금-환율조정,BS,미지급금,중간,영업
미지급금-자산구입,BS,미지급금,중간,영업
미지급금-기술사용료,BS,미지급금,중간,영업
미지급금-임가공비,BS,미지급금,중간,영업
미지급금-외주비,BS,미지급금,중간,영업
미지급금-경비,BS,미지급금,중간,영업
미지급금-Agency,BS,미지급금,중간,영업
미지급금-Claim,BS,미지급금,중간,영업
미지급금-GR/IR-송장미착,BS,미지급금,중간,영업
금융리스부채,BS,금융부채,일반,재무
미지급금-환불-에스원Only,BS,미지급금,중간,영업
미지급금-조정-에스원Only,BS,미지급금,중간,영업
미지급금-조정,BS,미지급금,중간,영업
미지급금-관세환급,BS,미지급금,중간,영업
미지급금-관세미지급,BS,미지급금,중간,영업
미지급금-통관수수료등수입제비용,BS,미지급금,중간,영업
미지급금-종업원신용카드,BS,미지급금,중간,영업
미지급금-법인신용카드,BS,미지급금,중간,영업
미지급금-종업원-기타,BS,미지급금,중간,영업
미지급금-국민연금,BS,미지급금,중간,영업
미지급금-건강보험,BS,미지급금,중간,영업
미지급금-개인연금,BS,미지급금,중간,영업
미지급금-산재보험,BS,미지급금,중간,영업
미지급금-고용보험,BS,미지급금,중간,영업
미지급금-부가가치세,BS,미지급금,중간,영업
미지급금-원천소득세,BS,미지급금,중간,영업
미지급금-원천지방소득세,BS,미지급금,중간,영업
미지급금-원천농특세,BS,미지급금,중간,영업
미지급금-사업소세,BS,미지급금,중간,영업
미지급금-재산세,BS,미지급금,중간,영업
미지급금-지방세,BS,미지급금,중간,영업
미지급금-소비세,BS,미지급금,중간,영업
미지급금-교육세,BS,미지급금,중간,영업
미지급금-거래직접세,BS,미지급금,중간,영업
미지급금-공회비-China Only,BS,미지급금,중간,영업
미지급금-문화사업건설비-China Only,BS,미지급금,중간,영업
미지급금-ISS-Brazil Only,BS,미지급금,중간,영업
미지급금-PIS-Brazil Only,BS,미지급금,중간,영업
미지급금-COFINS-Brazil Only,BS,미지급금,중간,영업
미지급금-기타제세,BS,미지급금,중간,영업
미지급금-국고보조금,BS,국고보조금,차감,주계정
미지급금-금융,BS,미지급금,중간,영업
미지급금-광고선전비,BS,미지급금,중간,영업
미지급금-배당금,BS,미지급금,중간,영업
미지급금-기타,BS,미지급금,중간,영업
미지급금-현할차,BS,현재가치할인차금,차감,주계정
미지급금-환율평가,BS,미지급금,중간,영업
어음미지급금-자산구입,BS,미지급금,중간,영업
어음미지급금-임가공비,BS,미지급금,중간,영업
어음미지급금-외주비,BS,미지급금,중간,영업
어음미지급금-경비,BS,미지급금,중간,영업
어음미지급금-기타,BS,미지급금,중간,영업
어음미지급금-현할차,BS,미지급금,중간,영업
어음미지급금-환율평가,BS,미지급금,중간,영업
유동성 장기미지급금,BS,미지급금,중간,영업
미지급금-배당금-부문간배부-코닝정밀소재Only,BS,미지급금,중간,영업
미지급금-부문간배부,BS,미지급금,중간,영업
장기미지급금-국고보조금,BS,국고보조금,차감,주계정
장기미지급금-기타,BS,미지급금,중간,영업
장기미지급금-현할차,BS,현재가치할인차금,차감,주계정
장기미지급금-환율평가,BS,미지급금,중간,영업
장기어음미지급금-자산구입,BS,미지급금,중간,영업
장기어음미지급금-기타,BS,미지급금,중간,영업
장기어음미지급금-현할차,BS,현재가치할인차금,차감,주계정
장기어음미지급금-환율평가,BS,미지급금,중간,영업
장기미지급금-유동성대체,BS,미지급금,중간,영업
장기미지급금-부분간배부,BS,미지급금,중간,영업
미지급법인세-법인세,BS,미지급비용,중간,영업
미지급법인세-주민세,BS,미지급비용,중간,영업
미지급법인세-농특세,BS,미지급비용,중간,영업
미지급법인세-기타,BS,미지급비용,중간,영업
미지급법인세-부문간배부,BS,미지급비용,중간,영업
선수금-영업,BS,선수금,중간,영업
선수금-상품권,BS,선수금,중간,영업
선수금-재고판매,BS,선수금,중간,영업
선수금-자재,BS,선수금,중간,영업
선수금-영업거래,BS,선수금,중간,영업
선수금-Service,BS,선수금,중간,영업
선수금-영업거래-기획Only,BS,선수금,중간,영업
선수금-진행기준-용역,BS,선수금,중간,영업
선수금-진행기준-용역-조정,BS,선수금,중간,영업
선수금-공사선수금,BS,선수금,중간,영업
선수금-공사선수금-조정,BS,선수금,중간,영업
선수금-분양선수금,BS,선수금,중간,영업
선수금-분양선수금-옵션-물산Only,BS,선수금,중간,영업
선수금-분양선수금-조정,BS,선수금,중간,영업
선수금-이용권-상품권,BS,선수금,중간,영업
선수금-이용권-회원권및연회비,BS,선수금,중간,영업
선수금-이용권-티켓,BS,선수금,중간,영업
선수금-이용권-기타,BS,선수금,중간,영업
선수금-임대매출,BS,선수금,중간,영업
선수금-선물환,BS,선수금,중간,영업
선수금-조정,BS,선수금,중간,영업
선수금-기타,BS,선수금,중간,영업
유동성 장기선수금,BS,선수금,중간,영업
선수금-부문간배부,BS,선수금,중간,영업
장기선수금-영업거래,BS,선수금,중간,영업
장기선수금-기타,BS,선수금,중간,영업
장기선수금-유동성대체,BS,선수금,중간,영업
장기선수금-부문간배부,BS,선수금,중간,영업
장기선수수익-예적금이자,BS,선수금,중간,영업
장기선수수익-유가증권이자,BS,선수금,중간,영업
장기선수수익-대여금이자,BS,선수금,중간,영업
장기선수수익-기타금융상품이자,BS,선수금,중간,영업
장기선수수익-임대료,BS,선수금,중간,영업
장기선수수익-수익이연,BS,선수금,중간,영업
장기선수수익-국고보조금,BS,국고보조금,차감,주계정
장기선수수익-기타,BS,선수금,중간,영업
장기선수수익-유동성대체,BS,선수금,중간,영업
선수금-임대료,BS,선수금,중간,영업
예수금-건강보험,BS,예수금,일반,영업
예수금-국민연금,BS,예수금,일반,영업
예수금-고용보험-근로자부담분,BS,예수금,일반,영업
예수금-고용보험-회사부담분,BS,예수금,일반,영업
예수금-근로소득세,BS,예수금,일반,영업
예수금-근로소득주민세,BS,예수금,일반,영업
예수금-퇴직소득세,BS,예수금,일반,영업
예수금-퇴직소득주민세,BS,예수금,일반,영업
예수금-사업소득세,BS,예수금,일반,영업
예수금-사업소득주민세,BS,예수금,일반,영업
예수금-기타소득세,BS,예수금,일반,영업
예수금-기타소득주민세,BS,예수금,일반,영업
예수금-채무가압류,BS,예수금,일반,영업
예수금-연말정산소득세,BS,예수금,일반,영업
예수금-연말정산주민세,BS,예수금,일반,영업
예수금-산재보험료,BS,예수금,일반,영업
예수금-급여가압류_미결관리,BS,예수금,일반,영업
예수금-주재수당,BS,예수금,일반,영업
예수금-교육미수료,BS,예수금,일반,영업
예수금-가수금미반제,BS,예수금,일반,영업
예수금-원천세-근로소득세,BS,예수금,일반,영업
예수금-원천세-사업소득세,BS,예수금,일반,영업
예수금-원천세-퇴직소득세,BS,예수금,일반,영업
예수금-원천세-이자소득세,BS,예수금,일반,영업
예수금-원천세-배당소득세,BS,예수금,일반,영업
예수금-원천세-기타소득세,BS,예수금,일반,영업
예수금-원천세-근로지방소득세,BS,예수금,일반,영업
예수금-원천세-사업지방소득세,BS,예수금,일반,영업
예수금-원천세-퇴직지방소득세,BS,예수금,일반,영업
예수금-원천세-이자지방소득세,BS,예수금,일반,영업
예수금-원천세-배당지방소득세,BS,예수금,일반,영업
예수금-원천세-기타지방소득세,BS,예수금,일반,영업
예수금-원천세-교육세,BS,예수금,일반,영업
예수금-원천세-농어촌특별세,BS,예수금,일반,영업
예수금-원천세-개별소비세,BS,예수금,일반,영업
예수금-원천세-용역,BS,예수금,일반,영업
예수금-원천세-IRRF-Brazil Only,BS,예수금,일반,영업
예수금-원천세-CIDE-Brazil Only,BS,예수금,일반,영업
예수금-원천세-기타,BS,예수금,일반,영업
예수금-급여일시공제-급여,BS,예수금,일반,영업
예수금-급여일시공제-퇴직금,BS,예수금,일반,영업
예수금-급여일시공제-재형저축,BS,예수금,일반,영업
예수금-급여일시공제-국민연금,BS,예수금,일반,영업
예수금-급여일시공제-건강보험,BS,예수금,일반,영업
예수금-급여일시공제-근로자장기저축,BS,예수금,일반,영업
예수금-급여일시공제-식대,BS,예수금,일반,영업
예수금-급여일시공제-개인연금,BS,예수금,일반,영업
예수금-급여일시공제-고용보험,BS,예수금,일반,영업
예수금-급여일시공제-기타,BS,예수금,일반,영업
예수금-국고보조금,BS,국고보조금,차감,주계정
예수금-압류,BS,예수금,일반,영업
예수금-국민체육진흥기금,BS,예수금,일반,영업
예수금-현금수송-에스원Only,BS,예수금,일반,영업
예수금-기타,BS,예수금,일반,영업
예수금-환율평가,BS,예수금,일반,영업
미지급비용-예정소급급여,BS,미지급비용,중간,영업
미지급비용-예정비정기상여,BS,미지급비용,중간,영업
미지급비용-지급이자,BS,미지급비용,중간,영업
미지급비용-공장예정원가,BS,미지급비용,중간,영업
미지급비용-예정성과상여,BS,미지급비용,중간,영업
미지급비용-예정유급휴가,BS,미지급비용,중간,영업
미지급비용-직장보육시설,BS,미지급비용,중간,영업
미지급비용-이자비용,BS,미지급비용,중간,영업
미지급비용-급여,BS,미지급비용,중간,영업
미지급비용-정기상여,BS,미지급비용,중간,영업
미지급비용-명절상여,BS,미지급비용,중간,영업
미지급비용-휴가상여,BS,미지급비용,중간,영업
미지급비용-PI상여,BS,미지급비용,중간,영업
미지급비용-PS상여,BS,미지급비용,중간,영업
미지급비용-기타상여,BS,미지급비용,중간,영업
미지급비용-확정기여퇴직급여,BS,미지급비용,중간,영업
미지급비용-복리후생비,BS,미지급비용,중간,영업
미지급비용-보험료,BS,미지급비용,중간,영업
미지급비용-물류비,BS,미지급비용,중간,영업
미지급비용-임차료,BS,미지급비용,중간,영업
미지급비용-지급수수료,BS,미지급비용,중간,영업
미지급비용-광고선전비,BS,미지급비용,중간,영업
미지급비용-판매촉진비,BS,미지급비용,중간,영업
미지급비용-판매장려금,BS,미지급비용,중간,영업
미지급비용-서비스비,BS,미지급비용,중간,영업
미지급비용-견본비,BS,미지급비용,중간,영업
미지급비용-기술사용료,BS,미지급비용,중간,영업
미지급비용-용역비,BS,미지급비용,중간,영업
미지급비용-Link이자-물산Only,BS,미지급비용,중간,영업
미지급비용-기타,BS,미지급비용,중간,영업
미지급비용-현할차,BS,현재가치할인차금,차감,주계정
미지급비용-환율평가,BS,미지급비용,중간,영업
유동성 장기미지급비용,BS,미지급비용,중간,영업
미지급비용-부문간배부,BS,미지급비용,중간,영업
장기미지급비용-이자,BS,미지급비용,중간,영업
장기미지급비용-급여,BS,미지급비용,중간,영업
장기미지급비용-상여금,BS,미지급비용,중간,영업
장기미지급비용-스탁옵션,BS,미지급비용,중간,영업
장기미지급비용-기타,BS,미지급비용,중간,영업
장기미지급비용-현할차,BS,현재가치할인차금,차감,주계정
장기미지급비용-환율평가,BS,미지급비용,중간,영업
장기미지급비용-유동성대체,BS,미지급비용,중간,영업
장기미지급비용-부문간배부,BS,미지급비용,중간,영업
미지급이자,BS,미지급비용,중간,영업
장기미지급이자,BS,미지급비용,중간,영업
반품충당부채,BS,충당부채,일반,영업
마일리지충당부채,BS,충당부채,일반,영업
반품추정부채,BS,충당부채,일반,영업
기타유동부채,BS,기타부채,일반,영업
유동성 예수보증금,BS,예수금,일반,영업
유동성 예수보증금-부문간배부,BS,예수금,일반,영업
가수금,BS,가수금,중간,영업
가수금-기타,BS,가수금,중간,영업
가수금-환율평가,BS,가수금,중간,영업
예수보증금-영업보증금,BS,예수금,일반,영업
예수보증금-임대보증금,BS,예수금,일반,영업
예수보증금-공사보증금,BS,예수금,일반,영업
예수보증금-하자보증금,BS,예수금,일반,영업
예수보증금-계약보증금,BS,예수금,일반,영업
예수보증금-사택보증금,BS,예수금,일반,영업
예수보증금-계약보증금-에스원Only,BS,예수금,일반,영업
예수보증금-기타,BS,예수금,일반,영업
예수보증금-현할차,BS,예수금,일반,영업
예수보증금-환율평가,BS,예수금,일반,영업
예수보증금-유동성대체,BS,예수금,일반,영업
환불부채,BS,기타부채,일반,영업
사채,BS,사채,일반,재무
사채-일반사채,BS,사채,일반,재무
사채-전환사채,BS,사채,일반,재무
사채-전환권조정,BS,사채조정,차감,주계정
사채-신주인수권부사채,BS,사채,일반,재무
사채-신주인수권조정,BS,사채조정,차감,주계정
사채-기타사채,BS,사채,일반,재무
사채-기타사채권조정,BS,사채조정,차감,주계정
사채-환율평가,BS,사채,일반,재무
사채발행차금-장기미지급이자,BS,사채,일반,재무
사채발행차금-할인,BS,발행차금,차감,주계정
사채발행차금-할증,BS,발행차금,차감,주계정
사채발행차금-상환할증금,BS,발행차금,차감,주계정
사채-유동성대체,BS,사채,일반,재무
사채-부문간배부,BS,사채,일반,재무
사채발행차금-비유동,BS,발행차금,차감,주계정
유동성원화사채,BS,사채,일반,재무
유동성외화사채,BS,사채,일반,재무
유동성전환사채,BS,사채,일반,재무
유동성전환권조정,BS,사채조정,차감,주계정
유동성신주인수권부사채,BS,사채,일반,재무
유동성사채할인발행차금,BS,발행차금,차감,주계정
유동성사채상환할증금,BS,발행차금,차감,주계정
유동성신주인수권조정,BS,사채조정,차감,주계정
신주인수권조정,BS,사채조정,차감,주계정
원화사채,BS,사채,일반,재무
외화사채,BS,사채,일반,재무
선수수익-임대수익,BS,선수수익,중간,영업
선수수익-국고보조금-국책사업연구비,BS,국고보조금,차감,주계정
선수수익-국고보조금-저리차입금,BS,국고보조금,차감,주계정
선수수익-예적금이자,BS,선수수익,중간,영업
선수수익-유가증권이자,BS,선수수익,중간,영업
선수수익-대여금이자,BS,선수수익,중간,영업
선수수익-기타금융상품이자,BS,선수수익,중간,영업
선수수익-임대료,BS,선수수익,중간,영업
선수수익-수익이연,BS,선수수익,중간,영업
선수수익-수익이연-기획Only,BS,선수수익,중간,영업
선수수익-국고보조금,BS,국고보조금,차감,주계정
선수수익-기타,BS,선수수익,중간,영업
유동성 장기선수수익,BS,선수수익,중간,영업
파생상품부채-유동-통화스왑,BS,금융부채,일반,재무
파생상품부채-유동-통화옵션,BS,금융부채,일반,재무
파생상품부채-유동-이자율스왑,BS,금융부채,일반,재무
파생상품부채-유동-상품선물,BS,금융부채,일반,재무
파생상품부채-유동-상품선도,BS,금융부채,일반,재무
파생상품부채-유동-기타,BS,금융부채,일반,재무
유동성 파생상품부채,BS,금융부채,일반,재무
파생상품부채-통화선도,BS,금융부채,일반,재무
파생상품부채-통화스왑,BS,금융부채,일반,재무
파생상품부채-통화옵션,BS,금융부채,일반,재무
파생상품부채-이자율스왑,BS,금융부채,일반,재무
파생상품부채-상품선물,BS,금융부채,일반,재무
파생상품부채-상품선도,BS,금융부채,일반,재무
파생상품부채-통화선도-중공업Only,BS,금융부채,일반,재무
파생상품부채-기타,BS,금융부채,일반,재무
보증금-임대보증금,BS,보증금,일반,영업
보증금-수입보증금,BS,보증금,일반,영업
보증금-사택임대보증금,BS,보증금,일반,영업
장기차입금-일반대출,BS,차입금,일반,재무
장기차입금-신탁대출,BS,차입금,일반,재무
장기차입금-연불수출,BS,차입금,일반,재무
장기차입금-시설자금,BS,차입금,일반,재무
장기차입금-금융리스,BS,차입금,일반,재무
장기차입금-기타,BS,차입금,일반,재무
장기차입금-현할차,BS,현재가치할인차금,차감,주계정
장기차입금-환율평가,BS,차입금,일반,재무
장기차입금-유동성대체,BS,차입금,일반,재무
장기차입금-부문간배부,BS,차입금,일반,재무
장기차입금-외화,BS,차입금,일반,재무
장기차입금-관계사,BS,차입금,일반,재무
확정급여채무,BS,급여성부채,일반,영업
사외적립자산-퇴직보험,BS,급여성부채,일반,영업
사외적립자산-퇴직연금,BS,급여성부채,일반,영업
퇴직급여부채,BS,급여성부채,일반,영업
사외적립자산-단체퇴직보험예치금,BS,급여성부채,일반,영업
사외적립자산-국민연금전환금,BS,급여성부채,일반,영업
사외적립자산-퇴직보험예치금,BS,급여성부채,일반,영업
사외적립자산-퇴직연금운용자산,BS,급여성부채,일반,영업
사외적립자산-기타,BS,급여성부채,일반,영업
제품보증충당부채,BS,충당부채,일반,영업
공사손실충당부채,BS,충당부채,일반,영업
하자보수충당부채,BS,충당부채,일반,영업
상여충당부채,BS,충당부채,일반,영업
복구충당부채,BS,충당부채,일반,영업
우발손실충당부채,BS,충당부채,일반,영업
장기선수수익,BS,선수수익,중간,영업
기타장기종업원급여부채,BS,급여성부채,일반,영업
장기보증금,BS,보증금,일반,영업
장기금융보증부채,BS,금융부채,일반,재무
우선주자본금,BS,자본금,일반,재무
자본금-보통주,BS,자본금,일반,재무
자본금-우선주,BS,자본금,일반,재무
자본금-신주납입금,BS,자본금,일반,재무
자본금-기타,BS,자본금,일반,재무
주식발행초과금,BS,자본잉여금,일반,재무
자본준비금-주식발행초과금,BS,자본잉여금,일반,재무
자본준비금-감자차익,BS,자본잉여금,일반,재무
자본준비금-합병차익,BS,자본잉여금,일반,재무
자본준비금-자기주식처분이익,BS,자본잉여금,일반,재무
기타자본잉여금-자산수증이익,BS,자본잉여금,일반,재무
기타자본잉여금-채무면제이익,BS,자본잉여금,일반,재무
기타자본잉여금-재평가적립금,BS,자본잉여금,일반,재무
기타자본잉여금-주식매수선택권,BS,자본잉여금,일반,재무
기타자본잉여금-전환권대가,BS,자본잉여금,일반,재무
기타자본잉여금-신주인수권대가,BS,자본잉여금,일반,재무
기타자본잉여금-신주청약증거금,BS,자본잉여금,일반,재무
기타자본잉여금-지분법변동,BS,자본잉여금,일반,재무
기타자본잉여금-부의지분법변동,BS,자본잉여금,일반,재무
기타자본잉여금-기타,BS,자본잉여금,일반,재무
기타적립금,BS,이익잉여금,일반,재무
이익준비금,BS,이익잉여금,일반,재무
전기이월이익잉여금,BS,이익잉여금,일반,재무
보험수리적손익,BS,이익잉여금,일반,재무
당기순이익,BS,이익잉여금,일반,재무
법정적립금-재무구조개선적립금,BS,이익잉여금,일반,재무
법정적립금-연구및인력개발준비금,BS,이익잉여금,일반,재무
법정적립금-해외시장개척준비금,BS,이익잉여금,일반,재무
법정적립금-해외투자손실준비금,BS,이익잉여금,일반,재무
법정적립금-자기주식처분손실준비금,BS,이익잉여금,일반,재무
법정적립금-기업발전적립금,BS,이익잉여금,일반,재무
법정적립금-기타법정적립금,BS,이익잉여금,일반,재무
임의적립금-사업확장적립금,BS,이익잉여금,일반,재무
임의적립금-시설적립금,BS,이익잉여금,일반,재무
임의적립금-연구및인력개발준비금,BS,이익잉여금,일반,재무
임의적립금-기타,BS,이익잉여금,일반,재무
차기이월이익잉여금-전기이월이익잉여금,BS,이익잉여금,일반,재무
차기이월이익잉여금-당기순이익,BS,이익잉여금,일반,재무
차기이월이익잉여금-비지배지분초과손실,BS,이익잉여금,일반,재무
차기이월이익잉여금-전기오류수정이익,BS,이익잉여금,일반,재무
차기이월이익잉여금-전기오류수정손실,BS,이익잉여금,일반,재무
차기이월이익잉여금-회계변경누적효과,BS,이익잉여금,일반,재무
차기이월이익잉여금-지분법이익잉여금변동,BS,이익잉여금,일반,재무
차기이월이익잉여금-부의지분법이익잉여금변동,BS,이익잉여금,일반,재무
이익잉여금-기타,BS,이익잉여금,일반,재무
매도가능증권평가이익,BS,기타포괄손익누계액,일반,재무
매도가능증권평가손실,BS,기타포괄손익누계액,일반,재무
기타포괄공정가치자산평가이익,BS,기타포괄손익누계액,일반,재무
기타포괄공정가치자산평가손실,BS,기타포괄손익누계액,일반,재무
이자율스왑평가손익,BS,기타포괄손익누계액,일반,재무
지분법자본변동,BS,기타포괄손익누계액,일반,재무
부의지분법자본변동,BS,기타포괄손익누계액,일반,재무
재평가차익,BS,기타포괄손익누계액,일반,재무
해외사업환산이익,BS,기타포괄손익누계액,일반,재무
해외사업환산손실,BS,기타포괄손익누계액,일반,재무
관계기업기타포괄이익,BS,기타포괄손익누계액,일반,재무
관계기업기타포괄손실,BS,기타포괄손익누계액,일반,재무
보험수리적이익,BS,기타포괄손익누계액,일반,재무
보험수리적손실,BS,기타포괄손익누계액,일반,재무
기타포괄이익누계액-기타,BS,기타포괄손익누계액,일반,재무
기타포괄손실누계액-기타,BS,기타포괄손익누계액,일반,재무
자기주식처분손실,BS,자본조정,일반,재무
종속회사지분매매차이,BS,자본조정,일반,재무
종속회사지분변동차이,BS,자본조정,일반,재무
기타의자본조정,BS,자본조정,일반,재무
지분법자본조정,BS,자본조정,일반,재무
주식할인발행차금,BS,자본조정,일반,재무
주식청약미수금,BS,자본조정,일반,재무
자기주식-보통주,BS,자본조정,일반,재무
자기주식-우선주,BS,자본조정,일반,재무
미교부주식배당금,BS,자본조정,일반,재무
주식매수선택권,BS,자본조정,일반,재무
감자차손,BS,자본조정,일반,재무
자기주식처분손,BS,자본조정,일반,재무
제품매출,IS,매출,손익,손익
상품매출,IS,매출,손익,손익
기타매출,IS,매출,손익,손익
용역매출,IS,매출,손익,손익
공사매출,IS,매출,손익,손익
임가공매출,IS,매출,손익,손익
제품매출원가,IS,매출원가,손익,손익
상품매출원가,IS,매출원가,손익,손익
기타매출원가,IS,매출원가,손익,손익
용역매출원가,IS,매출원가,손익,손익
공사매출원가,IS,매출원가,손익,손익
임가공매출원가,IS,매출원가,손익,손익
급여,IS,급여,손익,손익
퇴직급여,IS,급여,손익,손익
복리후생비,IS,복리후생비,손익,손익
여비교통비,IS,판관비,손익,손익
교육훈련비,IS,판관비,손익,손익
통신비,IS,판관비,손익,손익
수도광열비,IS,판관비,손익,손익
세금과공과,IS,판관비,손익,손익
소모품비,IS,판관비,손익,손익
지급임차료,IS,지급임차료,손익,손익
수선비,IS,판관비,손익,손익
보험료,IS,판관비,손익,손익
접대비,IS,판관비,손익,손익
광고선전비,IS,판관비,손익,손익
운반비,IS,판관비,손익,손익
차량유지비,IS,판관비,손익,손익
도서비,IS,판관비,손익,손익
행사비,IS,판관비,손익,손익
회의비,IS,판관비,손익,손익
지급수수료,IS,판관비,손익,손익
임가공비,IS,판관비,손익,손익
견본비,IS,판관비,손익,손익
판매수수료,IS,판관비,손익,손익
판매촉진비,IS,판관비,손익,손익
시험검사비,IS,판관비,손익,손익
포장비,IS,판관비,손익,손익
용역비,IS,판관비,손익,손익
충당부채전입액,IS,충당금(부채)전입(환액),손익류,손익
경상개발비,IS,판관비,손익,손익
수출제비용,IS,판관비,손익,손익
기타영업외손익,IS,기타영업외손익,손익,손익
당기손익공정가치측정금융자산평가이익,IS,평가손익,손익류,손익
투자부동산처분이익,IS,기타영업외손익,손익,손익
하자보수충당금환입,IS,충당금(부채)전입(환액),손익류,손익
파생상품거래손실,IS,기타영업외손익,손익,손익
종속관계기업투자주식손상차손,IS,손상차손,손익류,손익
기타영업외금융손익,IS,기타영업외금융손익,손익,손익
지분법이익,IS,지분법손익,손익류,손익
법인세비용,IS,법인세비용,손익,손익
현금및현금성자산,BS,현금및현금성자산,현금,영업
단기금융상품,BS,단기금융상품,중간,재무
매출채권,BS,매출채권,일반,영업
대손충당금-매출채권,BS,대손충당금,차감,주계정
미수금,BS,미수금,중간,영업
미수수익,BS,미수수익,중간,영업
선급금,BS,선급금,중간,영업
선급비용,BS,선급비용,중간,영업
당기손익공정가치측정금융자산,BS,금융자산,일반,투자
재고자산,BS,재고자산,일반,영업
기타유동금융자산,BS,금융자산,일반,투자
기타유동자산,BS,기타유동자산,일반,영업
당기법인세자산,BS,기타자산,일반,영업
매각예정자산,BS,매각예정자산,일반,영업
장기금융상품,BS,금융자산,일반,투자
파생상품금융자산,BS,금융자산,일반,투자
종속기업투자주식,BS,투자주식,일반,투자
유형자산,BS,유형자산,일반,투자
투자부동산,BS,투자부동산,일반,투자
무형자산,BS,무형자산,일반,투자
매입채무,BS,매입채무,일반,영업
단기차입금,BS,단기차입금,일반,재무
미지급금,BS,미지급금,중간,영업
당기법인세부채,BS,기타부채,일반,영업
선수금,BS,선수금,중간,영업
예수금,BS,예수금,일반,영업
미지급비용,BS,미지급비용,중간,영업
유동성충당부채,BS,충당부채,일반,영업
유동성장기부채,BS,기타부채,일반,영업
선수수익,BS,선수수익,중간,영업
파생상품부채-유동-통화선도,BS,금융부채,일반,재무
보증금,BS,보증금,일반,영업
장기차입금,BS,차입금,일반,재무
순확정급여부채,BS,급여성부채,일반,영업
비유동성충당부채,BS,충당부채,일반,영업
기타비유동부채,BS,기타부채,일반,영업
기타비유동금융부채,BS,금융부채,일반,재무
보통주자본금,BS,자본금,일반,재무
자본잉여금,BS,자본잉여금,일반,재무
이익잉여금,BS,이익잉여금,일반,재무
기타포괄손익누계액,BS,기타포괄손익누계액,일반,재무
자본조정,BS,자본조정,일반,재무
염가매수차액,PL,염가매수차액,손익류,손익
염가매수차익,PL,염가매수차액,손익류,손익
염가매수차손,PL,염가매수차액,손익류,손익
자산수증이익,PL,자산수증이익,손익류,손익
자산수증수익,PL,자산수증이익,손익류,손익
매출,PL,매출,손익,손익
매출원가,PL,매출원가,손익,손익
판관비,PL,판관비,손익,손익
충당금(부채)전입(환액),PL,충당금(부채)전입(환액),손익류,손익
처분손익,PL,처분손익,처분류,손익
손상차손,PL,손상차손,손익류,손익
평가손익,PL,평가손익,손익류,손익
전기오류수정손익,PL,전기오류수정손익,손익류,손익
환산손익,PL,환산손익,손익류,손익
지분법손익,PL,지분법손익,손익류,손익
비지배지분손익,PL,비지배지분손익,손익,손익
현재가치할인차금,BS,현재가치할인차금,차감,주계정
금융자산,BS,금융자산,일반,투자
평가충당금,BS,평가충당금,차감,주계정
기타자산,BS,기타자산,일반,영업
가지급금,BS,가지급금,중간,영업
투자주식,BS,투자주식,일반,투자
차입금,BS,차입금,일반,재무
금융부채,BS,금융부채,일반,재무
충당부채,BS,충당부채,일반,영업
기타부채,BS,기타부채,일반,영업
사채조정,BS,사채조정,차감,주계정
발행차금,BS,발행차금,차감,주계정
급여성부채,BS,급여성부채,일반,영업
자본금,BS,자본금,일반,재무
이연법인세자산,BS,이연법인세자산/부채,일반,영업
이연법인세부채,BS,이연법인세자산/부채,일반,영업
이연법인세자산/부채,BS,이연법인세자산/부채,일반,영업
사용권자산,BS,유형자산,일반,영업
금융리스채권,BS,금융자산,일반,투자
리스채권,BS,금융자산,일반,투자
보증금현재가치할인차금,BS,현재가치할인차금,차감,주계정
채권현재가치할인차금,BS,현재가치할인차금,차감,주계정
사채상환할증금,BS,발행차금,차감,주계정
우선주상환할증금,BS,발행차금,차감,주계정
우선주부채,BS,사채,일반,재무
전환우선주부채,BS,사채,일반,재무
전환상환우선주부채,BS,사채,일반,재무
상환우선주부채,BS,사채,일반,재무
선납세금,BS,기타자산,일반,영업
리스부채,BS,금융부채,일반,재무
전환권조정,BS,사채조정,차감,주계정
상환권조정,BS,사채조정,차감,주계정
전환사채상환할증금,BS,발행차금,차감,주계정
전환권대가,BS,자본잉여금,일반,재무
신주인수권대가,BS,자본잉여금,일반,재무
무형자산상각,PL,무형자산상각비,손익류,손익
매출채권현재할인차금,BS,현재가치할인차금,차감,주계정
건물관리비,PL,판관비,손익,손익
매출채권대손충당금,BS,대손충당금,차감,주계정
선급금대손충당금,BS,대손충당금,차감,주계정
미수금대손충당금,BS,대손충당금,차감,주계정
미수채권대손충당금,BS,대손충당금,차감,주계정
