id,bspl,detailname,resultname
1,PL,제품매출-국내,매출
2,PL,제품매출-로칼,매출
3,PL,제품매출-직수,매출
4,PL,제품매출-에누리-금액,매출
5,PL,제품매출-장려금,매출
6,PL,제품매출-반품충당금,매출
7,PL,제품매출-물류,매출
8,PL,제품매출-판촉비,매출
9,PL,제품매출-광고선전비,매출
10,PL,제품매출-패널티,매출
11,PL,제품매출-마일리지,매출
12,PL,제품매출-운반/보헙,매출
13,PL,제품매출-정보이용료,매출
14,PL,매출액-제품,매출
15,PL,매출액-반품,매출
16,PL,매출액-반품추정,매출
17,PL,매출액-에누리,매출
18,PL,매출액-매출할인,매출
19,PL,매출액-판매장려금,매출
20,PL,매출액-판가보전,매출
21,PL,상품매출-국내,매출
22,PL,상품매출-로칼,매출
23,PL,상품매출-직수,매출
24,PL,상품매출-중개,매출
25,PL,상품매출-에누리-금액,매출
26,PL,매출액-상품,매출
27,PL,매출액-부산물,매출
28,PL,매출액-반제품,매출
29,PL,매출액-원자재,매출
30,PL,매출액-저장품,매출
31,PL,매출액-로열티,매출
32,PL,매출액-기타,매출
33,PL,매출액-임대료,매출
34,PL,매출액-유상사급,매출
35,PL,매출액-순액매출조정,매출
36,PL,매출액-선물환,매출
37,PL,매출액-수탁,매출
38,PL,매출액-원료,매출
39,PL,용역매출-물류대행-수작업,매출
40,PL,용역매출-온라인-수작업,매출
41,PL,용역매출-운반/보험,매출
42,PL,매출액-Service,매출
43,PL,매출액-Service공사(에스원Only),매출
44,PL,매출액-Agency,매출
45,PL,매출액-물류,매출
46,PL,매출액-R&D용역,매출
47,PL,매출액-임가공,매출
48,PL,매출액-기타용역,매출
49,PL,매출액-A/S,매출
50,PL,매출액-진행기준-용역,매출
51,PL,매출액-도급공사-인정,매출
52,PL,매출액-도급공사-미인정,매출
53,PL,매출액-도급공사-Unbilled,매출
54,PL,매출액-분양공사,매출
55,PL,임가공매출-용역,매출
56,PL,매출원가-제품,매출원가
57,PL,직접원재료비,매출원가
58,PL,간접원재료비,매출원가
59,PL,직접부재료비,매출원가
60,PL,간접부재료비,매출원가
61,PL,제조급여,매출원가
62,PL,제조임원급여,매출원가
63,PL,제조상여금,매출원가
64,PL,제조제수당,매출원가
65,PL,제조잡급,매출원가
66,PL,제조퇴직급여,매출원가
67,PL,제조복리후생비-의료보험,매출원가
68,PL,제조복리후생비-고용보험,매출원가
69,PL,제조복리후생비-산재보험,매출원가
70,PL,제조복리후생비-건강관리실유지,매출원가
71,PL,제조복리후생비-건강진단,매출원가
72,PL,제조복리후생비-공상치료비,매출원가
73,PL,제조복리후생비-선물대,매출원가
74,PL,제조복리후생비-식당운영비,매출원가
75,PL,제조복리후생비-회식비,매출원가
76,PL,제조복리후생비-학자금,매출원가
77,PL,제조복리후생비-종업원시상금,매출원가
78,PL,제조복리후생비-통근버스운행비,매출원가
79,PL,제조복리후생비-동호회보조비,매출원가
80,PL,제조복리후생비-피복비,매출원가
81,PL,제조복리후생비-업무수행비,매출원가
82,PL,제조복리후생비-회의비,매출원가
83,PL,제조복리후생비-보조금,매출원가
84,PL,제조복리후생비-경조사비,매출원가
85,PL,제조복리후생비-기타,매출원가
86,PL,제조복리후생비-국민연금,매출원가
87,PL,제조복리후생비-장애인고용부담금,매출원가
88,PL,제조복리후생비-자판기마감대,매출원가
89,PL,제조복리후생비-기숙사관리비용,매출원가
90,PL,제조복리후생비-화환대,매출원가
91,PL,제조복리후생비-식수대,매출원가
92,PL,제조복리후생비-야유회비,매출원가
93,PL,제조복리후생비-차량유지비,매출원가
94,PL,제조복리후생비-예비군훈련비용,매출원가
95,PL,제조복리후생비-건강보험,매출원가
96,PL,제조복리후생비-노무관리비,매출원가
97,PL,제조복리후생비-생일축하지원금,매출원가
98,PL,제조복리후생비-조직활성화비,매출원가
99,PL,제조복리후생비-피복세탁,매출원가
100,PL,제조복리후생비-직무교류회,매출원가
101,PL,제조외주가공비,매출원가
102,PL,제조외주가공비(클레임),매출원가
103,PL,제조외주가공비-재가공,매출원가
104,PL,제조외주가공비-추가,매출원가
105,PL,제조감가상각비-건물,매출원가
106,PL,제조감가상각비-기계장치,매출원가
107,PL,제조감가상각비-구축물,매출원가
108,PL,제조감가상각비-차량운반구,매출원가
109,PL,제조감가상각비-시설장치,매출원가
110,PL,제조감가상각비-공구와기구,매출원가
111,PL,제조감가상각비-임차개량자산,매출원가
112,PL,제조수선비-기계장치수선비,매출원가
113,PL,제조수선비-건물수선비,매출원가
114,PL,제조수선비-기계장치수선비(일반),매출원가
115,PL,제조수선비 - 시설장치,매출원가
116,PL,제조세금과공과-제회비,매출원가
117,PL,제조세금과공과-재산세,매출원가
118,PL,제조세금과공과-사업소세,매출원가
119,PL,제조세금과공과-주민세,매출원가
120,PL,제조세금과공과-자동차세,매출원가
121,PL,제조세금과공과-인지증지대,매출원가
122,PL,제조세금과공과-전력기금,매출원가
123,PL,제조세금과공과-기타,매출원가
124,PL,제조세금과공과-국민연금,매출원가
125,PL,제조지급임차료-임차료,매출원가
126,PL,제조지급임차료-차량임차료,매출원가
127,PL,제조지급임차료-건물임차료,매출원가
128,PL,제조지급임차료-장비임차료,매출원가
129,PL,"제조지급임차료-사외창고, 컨테이너 임차료",매출원가
130,PL,제조접대비-접대비,매출원가
131,PL,제조도서인쇄비-외주인쇄비,매출원가
132,PL,제조도서인쇄비-간행물도서류,매출원가
133,PL,제조잡비-잡비,매출원가
134,PL,제조해외시장개척비-해외여비교통비,매출원가
135,PL,제조해외시장개척비-해외사무소경비,매출원가
136,PL,제조해외시장개척비-기타,매출원가
137,PL,제조주식보상비용-주식보상비용,매출원가
138,PL,제조차량유지비-유류비,매출원가
139,PL,제조차량유지비-수리부품대,매출원가
140,PL,제조차량유지비-차량검사비,매출원가
141,PL,제조차량유지비-자가운전유지비,매출원가
142,PL,제조차량유지비-기타,매출원가
143,PL,제조교육훈련비-사내교육,매출원가
144,PL,제조교육훈련비-사외위탁교육,매출원가
145,PL,제조교육훈련비-신입사원교육,매출원가
146,PL,제조교육훈련비-채용경비,매출원가
147,PL,제조교육훈련비-해외연수비,매출원가
148,PL,제조교육훈련비-교육참가일당,매출원가
149,PL,제조교육훈련비-기타,매출원가
150,PL,제조교육훈련비-직무교육(사내교육),매출원가
151,PL,제조교육훈련비-직무교육(사외위탁교육),매출원가
152,PL,제조교육훈련비-직무교육(교육참가일당),매출원가
153,PL,제조교육훈련비-계층교육(사내교육),매출원가
154,PL,제조교육훈련비-계층교육(사외위탁교육),매출원가
155,PL,제조교육훈련비-계층교육(교육참가일당),매출원가
156,PL,제조교육훈련비-조직활성화교육(사내교육),매출원가
157,PL,제조교육훈련비-조직활성화교육(사외위탁교육),매출원가
158,PL,제조교육훈련비-조직활성화교육(교육참가일당),매출원가
159,PL,제조교육훈련비-자기개발교육(사내교육),매출원가
160,PL,제조교육훈련비-자기개발교육(사외위탁교육),매출원가
161,PL,제조교육훈련비-자기개발교육(교육참가일당),매출원가
162,PL,제조교육훈련비-온라인교육,매출원가
163,PL,제조여비교통비-시내교통비,매출원가
164,PL,제조여비교통비-국내출장비,매출원가
165,PL,제조여비교통비-기타,매출원가
166,PL,제조운반비-제품운반비,매출원가
167,PL,제조운반비-기계장치운반비,매출원가
168,PL,제조운반비-기타운반비,매출원가
169,PL,제조보험료-차량보험,매출원가
170,PL,제조보험료-상해보험,매출원가
171,PL,제조보험료-제조물배상책임보험,매출원가
172,PL,제조보험료-단기수출선적보험,매출원가
173,PL,제조보험료-동산보험,매출원가
174,PL,제조보험료-화재보험,매출원가
175,PL,제조보험료-운송보험,매출원가
176,PL,제조보험료-기타,매출원가
177,PL,제조통신비-전용회선사용료,매출원가
178,PL,제조통신비-우편료,매출원가
179,PL,제조통신비-전화이용료,매출원가
180,PL,제조통신비-이동통신이용료,매출원가
181,PL,제조통신비-기타,매출원가
182,PL,제조수도광열비-도시가스,매출원가
183,PL,제조수도광열비-상하수도료,매출원가
184,PL,제조전력비-전력비,매출원가
185,PL,제조소모품비-사무용품비,매출원가
186,PL,제조소모품비-전산장비소모품,매출원가
187,PL,제조소모품비-제조장비소모품,매출원가
188,PL,제조소모품비-제조구매소모품,매출원가
189,PL,제조소모품비-전산장비기타,매출원가
190,PL,제조소모품비 - 시설장치,매출원가
191,PL,제조지급수수료(일반)-용역수수료,매출원가
192,PL,제조지급수수료(일반)-국내커미션,매출원가
193,PL,제조지급수수료(일반)-기타지급수수료,매출원가
194,PL,제조지급수수료(용역)-도급비용(일용직),매출원가
195,PL,"제조지급수수료(용역)-기타 도급비(영선,경비등)",매출원가
196,PL,제조경상개발비-재료비,매출원가
197,PL,매출원가-상품,매출원가
198,PL,매출원가-상품-Project,매출원가
199,PL,매출원가-부산물,매출원가
200,PL,매출원가-반제품,매출원가
201,PL,매출원가-원자재,매출원가
202,PL,매출원가-저장품,매출원가
203,PL,매출원가-저장품(에스원Only),매출원가
204,PL,매출원가-로열티,매출원가
205,PL,매출원가-임대료,매출원가
206,PL,매출원가-유상사급,매출원가
207,PL,매출원가-유상사급조정,매출원가
208,PL,매출원가-유상사급손익소거,매출원가
209,PL,용역매출원가-물류대행,매출원가
210,PL,용역매출원가-운반/보험,매출원가
211,PL,매출원가-A/S,매출원가
212,PL,매출원가-Warranty,매출원가
213,PL,매출원가-Service,매출원가
214,PL,매출원가-Service공사(에스원Only),매출원가
215,PL,매출원가-Agency,매출원가
216,PL,매출원가-물류,매출원가
217,PL,매출원가-R&D용역,매출원가
218,PL,매출원가-임가공,매출원가
219,PL,매출원가-기타용역,매출원가
220,PL,매출원가-진행기준-용역,매출원가
221,PL,매출원가-도급공사,매출원가
222,PL,매출원가-도급공사(물산Only),매출원가
223,PL,매출원가-분양공사,매출원가
224,PL,임가공매출원가-용역,매출원가
225,PL,급여-급여소급,급여
226,PL,급여-급여소급예정원가,급여
227,PL,급여-임금,급여
228,PL,급여-임금-소급,급여
229,PL,급여-임금-소급예정원가,급여
230,PL,급여-상여금,급여
231,PL,급여-상여금-비정기상여예정원가,급여
232,PL,급여-잡급,급여
233,PL,급여-잡급-판촉/AR,급여
234,PL,급여-잡급-잡급소급,급여
235,PL,급여-상여금-임금,급여
236,PL,급여-상여금-임금-비정기상여예정원가,급여
237,PL,급여-영업여사원,급여
238,PL,급여-영업여사원-급여소급,급여
239,PL,급여-영업여사원-급여소급예정원가,급여
240,PL,급여-상여금-영업여사원,급여
241,PL,급여-상여금-영업여사원-비정기상여예정,급여
242,PL,급여-성과상여금,급여
243,PL,급여-성과상여금-성과상여예정원가,급여
244,PL,급여,급여
245,PL,급여-급여-유급휴가예정원가,급여
246,PL,급여및수당,급여
247,PL,상여금-정기상여,급여
248,PL,상여금-명절상여,급여
249,PL,상여금-휴가상여,급여
250,PL,상여금-생산성격려-PI,급여
251,PL,상여금-성과배분-PS,급여
252,PL,상여금-장기성과인센티브,급여
253,PL,상여금-기타,급여
254,PL,퇴직급여-임금,퇴직급여
255,PL,퇴직급여-확정급여형,퇴직급여
256,PL,퇴직급여-확정기여형,퇴직급여
257,PL,퇴직급여-기타,퇴직급여
258,PL,복리후생비-구내식당,복리후생비
259,PL,복리후생비-애경사비,복리후생비
260,PL,복리후생비-근무복대,복리후생비
261,PL,복리후생비-팀비,복리후생비
262,PL,복리후생비-건강진단비,복리후생비
263,PL,복리후생비-건전단체지원금,복리후생비
264,PL,복리후생비-사택/기숙사 유지관리비,복리후생비
265,PL,복리후생비-건강보험,복리후생비
266,PL,복리후생비-포상금,복리후생비
267,PL,복리후생비-고용보험,복리후생비
268,PL,복리후생비-석수대,복리후생비
269,PL,복리후생비-운영비,복리후생비
270,PL,복리후생비-재해보장/의료비,복리후생비
271,PL,복리후생비-회의식대,복리후생비
272,PL,복리후생비-사원선물대,복리후생비
273,PL,복리후생비-제/상품-자동,복리후생비
274,PL,복리후생비-연근식대,복리후생비
275,PL,복리후생비-판촉운영비,복리후생비
276,PL,복리후생비-판촉운영비-급여공제,복리후생비
277,PL,복리후생비-직장보육시설,복리후생비
278,PL,복리후생비-한마음,복리후생비
279,PL,복리후생비-상해보험/질병보험,복리후생비
280,PL,복리후생비-워크샵,복리후생비
281,PL,복리후생비-체력단련비,복리후생비
282,PL,복리후생비-하계휴양소,복리후생비
283,PL,복리후생비-기타,복리후생비
284,PL,복리후생비-연월차,복리후생비
285,PL,복리후생비-장기근속,복리후생비
286,PL,복리후생비-당직비,복리후생비
287,PL,복리후생비-개인연금,복리후생비
288,PL,복리후생비-학자금지원,복리후생비
289,PL,복리후생비-자기활동,복리후생비
290,PL,복리후생비-자가운전,복리후생비
291,PL,복리후생비-선물구입,복리후생비
292,PL,복리후생비-경조금,복리후생비
293,PL,복리후생비-의료비,복리후생비
294,PL,복리후생비-식대-주부식,복리후생비
295,PL,복리후생비-식대-잔업식,복리후생비
296,PL,복리후생비-식대-식당운영,복리후생비
297,PL,복리후생비-식대-기타,복리후생비
298,PL,복리후생비-체력단련,복리후생비
299,PL,복리후생비-시상,복리후생비
300,PL,복리후생비-주택임차,복리후생비
301,PL,복리후생비-기숙사,복리후생비
302,PL,복리후생비-국민연금보험료,복리후생비
303,PL,복리후생비-건강보험료,복리후생비
304,PL,복리후생비-산재보험료,복리후생비
305,PL,복리후생비-고용보험료,복리후생비
306,PL,복리후생비-상해보험료,복리후생비
307,PL,복리후생비-단체보험료,복리후생비
308,PL,복리후생비-장기요양보험료,복리후생비
309,PL,복리후생비-기타보험료,복리후생비
310,PL,복리후생비-시설운영,복리후생비
311,PL,복리후생비-행사지원,복리후생비
312,PL,복리후생비-통근버스임차,복리후생비
313,PL,복리후생비-사내근로복지기금,복리후생비
314,PL,복리후생비-노사활동,복리후생비
315,PL,복리후생비-동호회활동,복리후생비
316,PL,복리후생비-단체지원,복리후생비
317,PL,복리후생비-의료보험,복리후생비
318,PL,복리후생비-산재보험,복리후생비
319,PL,복리후생비-건강관리실 유지,복리후생비
320,PL,복리후생비-식비,복리후생비
321,PL,복리후생비-공상치료비,복리후생비
322,PL,복리후생비-선물대,복리후생비
323,PL,복리후생비-식당운영비,복리후생비
324,PL,복리후생비-회식비,복리후생비
325,PL,복리후생비-학자금,복리후생비
326,PL,복리후생비-종업원시상금,복리후생비
327,PL,복리후생비-통근버스운행비,복리후생비
328,PL,복리후생비-동호회보조비,복리후생비
329,PL,복리후생비-피복비,복리후생비
330,PL,복리후생비-업무수행비,복리후생비
331,PL,복리후생비-회의비,복리후생비
332,PL,복리후생비-보조금,복리후생비
333,PL,복리후생비-경조사금,복리후생비
334,PL,복리후생비-국민연금,복리후생비
335,PL,복리후생비-어린이집,복리후생비
336,PL,복리후생비-기숙사관리비용,복리후생비
337,PL,복리후생비-차량유지비,복리후생비
338,PL,복리후생비-야유회비,복리후생비
339,PL,복리후생비-이동전화지원요금,복리후생비
340,PL,복리후생비-노무관리비,복리후생비
341,PL,복리후생비-조직활성화비,복리후생비
342,PL,복리후생비-직무교류회,복리후생비
343,PL,여비교통비-시내교통비,기타판관비
344,PL,여비교통비-정액활동비,기타판관비
345,PL,여비교통비-국내출장-항공료,기타판관비
346,PL,여비교통비-국내출장-기타교통,기타판관비
347,PL,여비교통비-국내출장-숙박비,기타판관비
348,PL,여비교통비-국내출장-식비,기타판관비
349,PL,여비교통비-국내출장-일당,기타판관비
350,PL,여비교통비-국내출장-기타,기타판관비
351,PL,여비교통비-해외출장-항공료,기타판관비
352,PL,여비교통비-해외출장-기타교통,기타판관비
353,PL,여비교통비-해외출장-숙박비,기타판관비
354,PL,여비교통비-해외출장-식비,기타판관비
355,PL,여비교통비-해외출장-일당,기타판관비
356,PL,여비교통비-해외출장-기타,기타판관비
357,PL,여비교통비-전임및부임여비,기타판관비
358,PL,여비교통비-파견비,기타판관비
359,PL,여비교통비-기타,기타판관비
360,PL,교육훈련비-사내교육비,기타판관비
361,PL,교육훈련비-사외위탁교육비,기타판관비
362,PL,교육훈련비-해외교육비,기타판관비
363,PL,교육훈련비-해외연수비,기타판관비
364,PL,교육훈련비-사이버연수,기타판관비
365,PL,교육훈련비-채용경비,기타판관비
366,PL,교육훈련비-기술교육비,기타판관비
367,PL,교육훈련비-어학지원비,기타판관비
368,PL,교육훈련비-자격취득지원,기타판관비
369,PL,교육훈련비-강사료,기타판관비
370,PL,교육훈련비-운영비,기타판관비
371,PL,교육훈련비-교재개발,기타판관비
372,PL,교육훈련비-기타,기타판관비
373,PL,교육공고료,기타판관비
374,PL,전산비-외주인건비,기타판관비
375,PL,전산비-시설료,기타판관비
376,PL,전산비-전산소모품비,기타판관비
377,PL,전산비-전산사용료,기타판관비
378,PL,전산비-기타,기타판관비
379,PL,통신비-전용회선료,기타판관비
380,PL,통신비-유선전화료,기타판관비
381,PL,통신비-무선전화료,기타판관비
382,PL,통신비-위성사용료,기타판관비
383,PL,통신비-회선가입비,기타판관비
384,PL,통신비-통신시설유지비,기타판관비
385,PL,통신비-경보기기,기타판관비
386,PL,문서발송료-기타,기타판관비
387,PL,통신비-전용회선사용료,기타판관비
388,PL,통신비-우편료,기타판관비
389,PL,통신비-전화이용료,기타판관비
390,PL,통신비-이동통신이용료,기타판관비
391,PL,통신비-기타,기타판관비
392,PL,유틸리티비-전력,기타판관비
393,PL,유틸리티비-연료,기타판관비
394,PL,유틸리티비-가스,기타판관비
395,PL,유틸리티비-용수,기타판관비
396,PL,유틸리티비-폐수처리,기타판관비
397,PL,유틸리티비-화공약품,기타판관비
398,PL,유틸리티비-증기,기타판관비
399,PL,유틸리티비-기타,기타판관비
400,PL,유틸리티비-배부,기타판관비
401,PL,세금과공과-가입협회비,기타판관비
402,PL,세금과공과-외국납부세액,기타판관비
403,PL,세금과공과-면허세,기타판관비
404,PL,세금과공과-자동차세,기타판관비
405,PL,세금과공과-인지세,기타판관비
406,PL,세금과공과-사업소세,기타판관비
407,PL,세금과공과-환경부담금,기타판관비
408,PL,세금과공과-대기/수질기본배출부과금,기타판관비
409,PL,세금과공과-주민세,기타판관비
410,PL,세금과공과-종합부동산세,기타판관비
411,PL,세금과공과-장애인고용분담금,기타판관비
412,PL,세금과공과-재산세,기타판관비
413,PL,세금과공과-증권거래세,기타판관비
414,PL,세금과공과-교통유발분담금,기타판관비
415,PL,세금과공과-상공회의소회비,기타판관비
416,PL,세금과공과-등록세,기타판관비
417,PL,세금과공과-교육세,기타판관비
418,PL,세금과공과-지역개발세,기타판관비
419,PL,세금과공과-도로점용료,기타판관비
420,PL,세금과공과-간주임대료,기타판관비
421,PL,세금과공과-취득세,기타판관비
422,PL,세금과공과-원인자부담금,기타판관비
423,PL,세금과공과-농어촌특별세,기타판관비
424,PL,세금과공과-공동시설세,기타판관비
425,PL,세금과공과-관세,기타판관비
426,PL,세금과공과-VAT공통매입세액안분액,기타판관비
427,PL,세금과공과-기타,기타판관비
428,PL,세금과공과-농특세,기타판관비
429,PL,세금과공과-재산분주민세,기타판관비
430,PL,세금과공과-지방소득세종업원분,기타판관비
431,PL,세금과공과-균등분주민세,기타판관비
432,PL,세금과공과-종합토지세,기타판관비
433,PL,세금과공과-도시계획세,기타판관비
434,PL,세금과공과-부가가치세,기타판관비
435,PL,세금과공과-건물재산세(에버랜드Only),기타판관비
436,PL,세금과공과-기타제세,기타판관비
437,PL,세금과공과-공유수면사용료,기타판관비
438,PL,세금과공과-폐기물부담금,기타판관비
439,PL,세금과공과-도로공간점용료,기타판관비
440,PL,세금과공과-교통유발부담금,기타판관비
441,PL,세금과공과-환경개선부담금,기타판관비
442,PL,세금과공과-저작료,기타판관비
443,PL,세금과공과-벌과금등,기타판관비
444,PL,세금과공과-제공과금,기타판관비
445,PL,세금과공과-장애인미고용부담금,기타판관비
446,PL,세금과공과-방홍세(China Only),기타판관비
447,PL,세금과공과-하도관리비(China Only),기타판관비
448,PL,세금과공과-공회비(China Only),기타판관비
449,PL,세금과공과-영업세(China Only),기타판관비
450,PL,세금과공과-제분담금,기타판관비
451,PL,세금과공과-기타협회비,기타판관비
452,PL,세금과공과-제회비,기타판관비
453,PL,세금과공과-인지증지대,기타판관비
454,PL,세금과공과-전력기금,기타판관비
455,PL,세금과공과-국민연금,기타판관비
456,PL,소모품비-저장품,기타판관비
457,PL,소모품비-사무용품,기타판관비
458,PL,소모품비-원자재성소모품,기타판관비
459,PL,소모품비-포자재성소모품,기타판관비
460,PL,소모품비-인쇄비,기타판관비
461,PL,소모품비-일반소모품,기타판관비
462,PL,소모품비-전산/통신소모용품,기타판관비
463,PL,소모품비-샘플비,기타판관비
464,PL,소모품비-시험연구,기타판관비
465,PL,소모품비-기계설비/부속소모품,기타판관비
466,PL,소모품비-생산현장소모품,기타판관비
467,PL,소모품비-복지시설/탕비실 소모품,기타판관비
468,PL,소모품비-사진현상/플랜카드,기타판관비
469,PL,소모품비-어음책대,기타판관비
470,PL,소모품비-매장소모품,기타판관비
471,PL,소모품비-매장소모품-자동,기타판관비
472,PL,소모품비-기타,기타판관비
473,PL,소모품비-후생용품,기타판관비
474,PL,소모품비-비품,기타판관비
475,PL,소모품비-개발용품,기타판관비
476,PL,소모품비-환경안전,기타판관비
477,PL,소모품비-생산용품,기타판관비
478,PL,소모품비-통신용품,기타판관비
479,PL,소모품비-매장용품,기타판관비
480,PL,소모품비-경보기기,기타판관비
481,PL,생산소모품비-도장용품,기타판관비
482,PL,생산소모품비-청정용품,기타판관비
483,PL,생산소모품비-환경용품,기타판관비
484,PL,생산소모품비-안전용품,기타판관비
485,PL,생산소모품비-금형,기타판관비
486,PL,생산소모품비-제품용품,기타판관비
487,PL,생산소모품비-작업용품,기타판관비
488,PL,생산소모품비-영업용품,기타판관비
489,PL,생산소모품비-매장용품,기타판관비
490,PL,생산소모품비-사료약품(에버랜드Only),기타판관비
491,PL,생산소모품비-종묘(에버랜드Only),기타판관비
492,PL,생산소모품비-기타용품,기타판관비
493,PL,지급임차료-건물,지급임차료
494,PL,지급임차료-기계장치,지급임차료
495,PL,지급임차료-토지,지급임차료
496,PL,지급임차료-전산기기/복사기/FAX,지급임차료
497,PL,지급임차료-차량운반구,지급임차료
498,PL,지급임차료-공기구비품,지급임차료
499,PL,지급임차료-파레트,지급임차료
500,PL,지급임차료-업무용승용차,지급임차료
501,PL,지급임차료-지게차/장비 등,지급임차료
502,PL,지급임차료-사용권자산,지급임차료
503,PL,지급임차료-기타,지급임차료
504,PL,임차료-토지,지급임차료
505,PL,임차료-건물,지급임차료
506,PL,임차료-구축물,지급임차료
507,PL,임차료-기계장치,지급임차료
508,PL,임차료-차량운반구,지급임차료
509,PL,임차료-비품,지급임차료
510,PL,임차료-컴퓨터,지급임차료
511,PL,임차료-복사기,지급임차료
512,PL,임차료-전산장비,지급임차료
513,PL,임차료-소프트웨어,지급임차료
514,PL,임차료-창고,지급임차료
515,PL,임차료-가설재,지급임차료
516,PL,임차료-운용리스료,지급임차료
517,PL,임차료-운용리스보험료,지급임차료
518,PL,임차료-기지국(에스원Only),지급임차료
519,PL,임차료-기타,지급임차료
520,PL,감가상각비-건물,감가상각비
521,PL,감가상각비-구축물,감가상각비
522,PL,감가상각비-기계장치,감가상각비
523,PL,감가상각비-차량운반구,감가상각비
524,PL,감가상각비-공기구비품,감가상각비
525,PL,감가상각비-영업장비,감가상각비
526,PL,감가상각비-전산비품,감가상각비
527,PL,감가상각비-시험기자재,감가상각비
528,PL,감가상각비-직장보육시설,감가상각비
529,PL,감가상각비-금융리스자산,감가상각비
530,PL,감가상각비-금형,감가상각비
531,PL,감가상각비-사용권자산,감가상각비
532,PL,감가상각비-건물부속설비,감가상각비
533,PL,감가상각비-선박,감가상각비
534,PL,감가상각비-항공기,감가상각비
535,PL,감가상각비-공구기구,감가상각비
536,PL,감가상각비-비품가구,감가상각비
537,PL,감가상각비-동물,감가상각비
538,PL,감가상각비-식물,감가상각비
539,PL,감가상각비-임차자산개량권,감가상각비
540,PL,감가상각비-전산장비,감가상각비
541,PL,감가상각비-경보기기,감가상각비
542,PL,감가상각비-경보설비,감가상각비
543,PL,감가상각비-대수선,감가상각비
544,PL,감가상각비-기타유형자산,감가상각비
545,PL,감가상각비-투자부동산-건물,감가상각비
546,PL,감가상각비-금융리스-건물,감가상각비
547,PL,감가상각비-금융리스-건물부속설비,감가상각비
548,PL,감가상각비-금융리스-구축물,감가상각비
549,PL,감가상각비-금융리스-기계장치,감가상각비
550,PL,감가상각비-금융리스-금형,감가상각비
551,PL,감가상각비-금융리스-선박,감가상각비
552,PL,감가상각비-금융리스-항공기,감가상각비
553,PL,감가상각비-금융리스-차량운반구,감가상각비
554,PL,감가상각비-금융리스-공구기구,감가상각비
555,PL,감가상각비-금융리스-비품가구,감가상각비
556,PL,감가상각비-금융리스-전산장비,감가상각비
557,PL,감가상각비-금융리스-경보기기,감가상각비
558,PL,감가상각비-금융리스-경보설비,감가상각비
559,PL,감가상각비-금융리스-기타유형자산,감가상각비
560,PL,수선유지비-건물,기타판관비
561,PL,수선유지비-건물부속설비,기타판관비
562,PL,수선유지비-구축물,기타판관비
563,PL,수선유지비-기계장치-자재비,기타판관비
564,PL,수선유지비-기계장치-인건비,기타판관비
565,PL,수선유지비-기계장치-부대비,기타판관비
566,PL,수선유지비-기계장치-기타,기타판관비
567,PL,수선유지비-중장비-연료비,기타판관비
568,PL,수선유지비-중장비-사용료,기타판관비
569,PL,수선유지비-중장비-수리비,기타판관비
570,PL,수선유지비-중장비-시운전비,기타판관비
571,PL,수선유지비-중장비-기타,기타판관비
572,PL,수선유지비-금형,기타판관비
573,PL,수선유지비-선박-연료비,기타판관비
574,PL,수선유지비-선박-수리비,기타판관비
575,PL,수선유지비-선박-기타,기타판관비
576,PL,수선유지비-항공기-연료비,기타판관비
577,PL,수선유지비-항공기-시설료,기타판관비
578,PL,수선유지비-항공기-수리비,기타판관비
579,PL,수선유지비-항공기-운항비,기타판관비
580,PL,수선유지비-항공기-기타,기타판관비
581,PL,수선유지비-차량운반구-유류대,기타판관비
582,PL,수선유지비-차량운반구-검사비,기타판관비
583,PL,수선유지비-차량운반구-수리비,기타판관비
584,PL,수선유지비-차량운반구-주차료,기타판관비
585,PL,수선유지비-차량운반구-용역료,기타판관비
586,PL,수선유지비-차량운반구-기타,기타판관비
587,PL,수선유지비-공구기구비품,기타판관비
588,PL,수선유지비-전산장비,기타판관비
589,PL,수선유지비-경보기기,기타판관비
590,PL,수선유지비-경보설비,기타판관비
591,PL,수선유지비-기타유형자산,기타판관비
592,PL,수선유지비-포장재(코닝정밀소재Only),기타판관비
593,PL,수선유지비-기타,기타판관비
594,PL,보험료-화재보험,기타판관비
595,PL,보험료-동산종합보험,기타판관비
596,PL,보험료-자동차보험,기타판관비
597,PL,보험료-중장비안전보험,기타판관비
598,PL,보험료-선박보험료,기타판관비
599,PL,보험료-리스자산,기타판관비
600,PL,보험료-보증보험,기타판관비
601,PL,보험료-채권보험,기타판관비
602,PL,보험료-운송보험,기타판관비
603,PL,보험료-수출보험,기타판관비
604,PL,보험료-조립보험,기타판관비
605,PL,보험료-건설공사보험,기타판관비
606,PL,보험료-제조물배상책임보험,기타판관비
607,PL,보험료-임원배상책임보험,기타판관비
608,PL,보험료-영업배상책임보험,기타판관비
609,PL,보험료-패키지보험,기타판관비
610,PL,보험료-개인손해배상보험,기타판관비
611,PL,보험료-법인손해배상보험,기타판관비
612,PL,보험료-공사고용보험(에버랜드Only),기타판관비
613,PL,보험료-공사산재보험(에버랜드Only),기타판관비
614,PL,보험료-차량보험,기타판관비
615,PL,보험료-상해보험,기타판관비
616,PL,보험료-단기수출선적보험,기타판관비
617,PL,보험료-동산보험,기타판관비
618,PL,보험료-기타,기타판관비
619,PL,교제비-접대비,기타판관비
620,PL,교제비-경조금,기타판관비
621,PL,교제비-기타,기타판관비
622,PL,광고선전비-신문,기타판관비
623,PL,광고선전비-잡지,기타판관비
624,PL,광고선전비-TV/라디오/인터넷,기타판관비
625,PL,광고선전비-옥외광고물,기타판관비
626,PL,광고선전비-WIDE칼라,기타판관비
627,PL,광고선전비-CF/드라마 제작,기타판관비
628,PL,광고선전비-광고물,기타판관비
629,PL,광고선전비-행사협찬/홍보-자동,기타판관비
630,PL,광고선전비-세미나비용,기타판관비
631,PL,광고선전비-인쇄비,기타판관비
632,PL,광고선전비-모델료,기타판관비
633,PL,광고선전비-행사협찬/홍보,기타판관비
634,PL,광고선전비-공장견학,기타판관비
635,PL,광고선전비-온라인,기타판관비
636,PL,광고선전비-신제품,기타판관비
637,PL,광고선전비-기타,기타판관비
638,PL,광고선전비-제상품광고-신문,기타판관비
639,PL,광고선전비-제상품광고-TV,기타판관비
640,PL,광고선전비-제상품광고-라디오,기타판관비
641,PL,광고선전비-제상품광고-인터넷,기타판관비
642,PL,광고선전비-제상품광고-옥외광고,기타판관비
643,PL,광고선전비-제상품광고-잡지,기타판관비
644,PL,광고선전비-제상품광고-기타매체,기타판관비
645,PL,광고선전비-기업광고-신문,기타판관비
646,PL,광고선전비-기업광고-TV,기타판관비
647,PL,광고선전비-기업광고-라디오,기타판관비
648,PL,광고선전비-기업광고-인터넷,기타판관비
649,PL,광고선전비-기업광고-옥외광고,기타판관비
650,PL,광고선전비-기업광고-잡지,기타판관비
651,PL,광고선전비-기업광고-기타매체,기타판관비
652,PL,광고선전비-기타광고-신문,기타판관비
653,PL,광고선전비-기타광고-TV,기타판관비
654,PL,광고선전비-기타광고-라디오,기타판관비
655,PL,광고선전비-기타광고-인터넷,기타판관비
656,PL,광고선전비-기타광고-옥외광고,기타판관비
657,PL,광고선전비-기타광고-잡지,기타판관비
658,PL,광고선전비-기타광고-기타매체,기타판관비
659,PL,광고선전비-스폰서광고,기타판관비
660,PL,광고선전비-거래선광고,기타판관비
661,PL,광고선전비-전시회,기타판관비
662,PL,홍보및협찬비-영상물제작,기타판관비
663,PL,홍보및협찬비-인쇄물제작,기타판관비
664,PL,홍보및협찬비-문화행사,기타판관비
665,PL,홍보및협찬비-기타,기타판관비
666,PL,광고선전비-기업광고,기타판관비
667,PL,광고선전비-광고고지,기타판관비
668,PL,광고선전비-판촉물제작,기타판관비
669,PL,운반비-수송-공장<->센타,기타판관비
670,PL,운반비-배송,기타판관비
671,PL,운반비-파레트,기타판관비
672,PL,운반비-기자재운반-공장<->공장,기타판관비
673,PL,운반비-계근비,기타판관비
674,PL,운반비-하운비,기타판관비
675,PL,운반비-폐기물,기타판관비
676,PL,운반비-배송-영업,기타판관비
677,PL,운반비-배송-용차비,기타판관비
678,PL,운반비-수송-센터<->센터,기타판관비
679,PL,운반비-물류_주차/통행료,기타판관비
680,PL,운반비-기타,기타판관비
681,PL,물류비-운반비-사내운반비,기타판관비
682,PL,물류비-운반비-내륙운반비,기타판관비
683,PL,물류비-운반비-해상운반비,기타판관비
684,PL,물류비-운반비-항공운반비,기타판관비
685,PL,물류비-운반비-직접배달비,기타판관비
686,PL,물류비-운반비-순회배송비,기타판관비
687,PL,물류비-운반비-교환운반비,기타판관비
688,PL,물류비-운반비-기타,기타판관비
689,PL,물류비-운송부대비-체선료,기타판관비
690,PL,물류비-운송부대비-항만시설이용료,기타판관비
691,PL,물류비-운송부대비-용역료,기타판관비
692,PL,물류비-보관료-창고비,기타판관비
693,PL,물류비-보관료-용역비,기타판관비
694,PL,물류비-보관료-기타,기타판관비
695,PL,물류비-기타,기타판관비
696,PL,차량유지비-유류비,기타판관비
697,PL,차량유지비-수리부품대,기타판관비
698,PL,차량유지비-차량검사비,기타판관비
699,PL,차량유지비-자가운전유지비,기타판관비
700,PL,차량유지비-기타,기타판관비
701,PL,도서비-사보발행,기타판관비
702,PL,도서비-일반도서구입,기타판관비
703,PL,도서비-간행물구입,기타판관비
704,PL,도서비-기타도서구입,기타판관비
705,PL,인쇄비-복사,기타판관비
706,PL,인쇄비-티켓,기타판관비
707,PL,인쇄비-기타,기타판관비
708,PL,도서인쇄비-배부,기타판관비
709,PL,신문도서비,기타판관비
710,PL,행사비-기념행사,기타판관비
711,PL,행사비-사회봉사및공헌,기타판관비
712,PL,행사비-체육대회,기타판관비
713,PL,행사비-세미나,기타판관비
714,PL,행사비-영업행사,기타판관비
715,PL,행사비-기타,기타판관비
716,PL,회의비-조직활성화,기타판관비
717,PL,회의비-책임자,기타판관비
718,PL,회의비-기타,기타판관비
719,PL,지급수수료-일반,기타판관비
720,PL,지급수수료-송금/추심,기타판관비
721,PL,지급수수료-택배,기타판관비
722,PL,지급수수료-제증명발급,기타판관비
723,PL,지급수수료-관리비,기타판관비
724,PL,지급수수료-보증,기타판관비
725,PL,지급수수료-무역관련,기타판관비
726,PL,지급수수료-전산용역료,기타판관비
727,PL,지급수수료-전산회선이용료,기타판관비
728,PL,지급수수료-전산유지보수,기타판관비
729,PL,지급수수료-일반기기유지보수,기타판관비
730,PL,지급수수료-부동산중개,기타판관비
731,PL,지급수수료-마케팅용역,기타판관비
732,PL,지급수수료-로얄티,기타판관비
733,PL,지급수수료-검사측정,기타판관비
734,PL,지급수수료-고문/자문료,기타판관비
735,PL,지급수수료-송무비용,기타판관비
736,PL,지급수수료-일반대행용역료,기타판관비
737,PL,지급수수료-반품폐기처리,기타판관비
738,PL,지급수수료-냉동/냉장/보관료,기타판관비
739,PL,지급수수료-행랑사용료,기타판관비
740,PL,지급수수료-DHL,기타판관비
741,PL,지급수수료-경비/보안시스템,기타판관비
742,PL,지급수수료-통근버스,기타판관비
743,PL,지급수수료-금융,기타판관비
744,PL,지급수수료-외부연구용역료,기타판관비
745,PL,지급수수료-협력사품질관리비,기타판관비
746,PL,지급수수료-대리운전-영업,기타판관비
747,PL,지급수수료-CO=FI기능영역조정용,기타판관비
748,PL,지급수수료-판매,기타판관비
749,PL,지급수수료-중개,기타판관비
750,PL,지급수수료-설치도급,기타판관비
751,PL,지급수수료-상품권,기타판관비
752,PL,지급수수료-카드,기타판관비
753,PL,지급수수료-운송,기타판관비
754,PL,지급수수료-영업,기타판관비
755,PL,지급수수료-유기시설(에버랜드Only),기타판관비
756,PL,지급수수료-세탁물(에버랜드Only),기타판관비
757,PL,지급수수료-관광사(에버랜드Only),기타판관비
758,PL,지급수수료-수출입수수료-환가료,기타판관비
759,PL,지급수수료-수출입수수료-NEGO,기타판관비
760,PL,지급수수료-수출입수수료-통관,기타판관비
761,PL,지급수수료-수출입수수료-부대비,기타판관비
762,PL,지급수수료-금융수수료-보증,기타판관비
763,PL,지급수수료-금융수수료-Link이자(물산Only),기타판관비
764,PL,지급수수료-금융수수료-기타,기타판관비
765,PL,지급수수료-설계비,기타판관비
766,PL,지급수수료-컨설팅비,기타판관비
767,PL,지급수수료-검사용역,기타판관비
768,PL,지급수수료-공사및도급용역,기타판관비
769,PL,지급수수료-환경안전,기타판관비
770,PL,지급수수료-입찰수주,기타판관비
771,PL,지급수수료-담보설정비,기타판관비
772,PL,지급수수료-소송비용,기타판관비
773,PL,지급수수료-감정,기타판관비
774,PL,지급수수료-특허,기타판관비
775,PL,지급수수료-증명,기타판관비
776,PL,지급수수료-법률용역자문,기타판관비
777,PL,지급수수료-회계감사등,기타판관비
778,PL,지급수수료-방송외주제작,기타판관비
779,PL,지급수수료-Recruting,기타판관비
780,PL,지급수수료-경비용역비,기타판관비
781,PL,지급수수료-보안관리,기타판관비
782,PL,지급수수료-소각로용역,기타판관비
783,PL,지급수수료-청소용역,기타판관비
784,PL,지급수수료-복사기용역,기타판관비
785,PL,지급수수료-판매용역,기타판관비
786,PL,지급수수료-식당용역,기타판관비
787,PL,지급수수료-건물및공단관리,기타판관비
788,PL,지급수수료-정원관리,기타판관비
789,PL,지급수수료-개발용역,기타판관비
790,PL,지급수수료-사무용역,기타판관비
791,PL,지급수수료-기타,기타판관비
792,PL,기술사용료-정액기술료,기타판관비
793,PL,기술사용료-정율기술료,기타판관비
794,PL,기술사용료-정액특허료,기타판관비
795,PL,기술사용료-정율특허료,기타판관비
796,PL,기술사용료-상표사용료,기타판관비
797,PL,기술사용료-위탁용역비,기타판관비
798,PL,기술사용료-기술도입비,기타판관비
799,PL,기술사용료-기술자문비,기타판관비
800,PL,기술사용료-고문체제비,기타판관비
801,PL,기술사용료-국제공동사업권상각,기타판관비
802,PL,기술사용료-기타,기타판관비
803,PL,대손상각비-매출채권,대손상각비
804,PL,대손상각비-장기매출채권,대손상각비
805,PL,대손상각비-기타,대손상각비
806,PL,대손상각비-수출외상매출금,대손상각비
807,PL,대손상각비-받을어음,대손상각비
808,PL,무형자산상각비-영업권,무형자산상각비
809,PL,무형자산상각비-산업재산권,무형자산상각비
810,PL,무형자산상각비-광업권,무형자산상각비
811,PL,무형자산상각비-개발비,무형자산상각비
812,PL,무형자산상각비-시설이용권,무형자산상각비
813,PL,무형자산상각비-소프트웨어,무형자산상각비
814,PL,무형자산상각비-회원권,무형자산상각비
815,PL,무형자산상각비-기타무형자산,무형자산상각비
816,PL,임가공비-가공,기타판관비
817,PL,임가공비-조립,기타판관비
818,PL,임가공비-설치공사,기타판관비
819,PL,임가공비-도장,기타판관비
820,PL,임가공비-기타,기타판관비
821,PL,서비스비-자재비,기타판관비
822,PL,서비스비-대행료,기타판관비
823,PL,서비스비-순회비용,기타판관비
824,PL,서비스비-무상제공,기타판관비
825,PL,서비스비-기타,기타판관비
826,PL,견본비-전시,기타판관비
827,PL,견본비-샘플제공,기타판관비
828,PL,견본비-무상제공,기타판관비
829,PL,견본비-규격취득,기타판관비
830,PL,견본비-견본검사,기타판관비
831,PL,견본비-기타,기타판관비
832,PL,판매수수료-판매수수료,기타판관비
833,PL,판매촉진비-제품 판촉물-자동,기타판관비
834,PL,판매촉진비-상품 판촉물-자동,기타판관비
835,PL,판매촉진비-외부 판촉물-자동,기타판관비
836,PL,판매촉진비-제/상품-경품-자동,기타판관비
837,PL,판매촉진비-외부-경품-자동,기타판관비
838,PL,판매촉진비-소모품,기타판관비
839,PL,판매촉진비-광고 인쇄물,기타판관비
840,PL,판매촉진비-시식/시음대-자동,기타판관비
841,PL,판매촉진비-적립포인트,기타판관비
842,PL,판매촉진비-할인쿠폰,기타판관비
843,PL,판매촉진비-판촉장비,기타판관비
844,PL,판매촉진비-시식/시음대,기타판관비
845,PL,판매촉진비-외부 판촉물,기타판관비
846,PL,판매촉진비-외부-경품,기타판관비
847,PL,판매촉진비-임직원판촉-자동,기타판관비
848,PL,판매촉진비-시식/시음대_3만원이하,기타판관비
849,PL,판매촉진비-시식/시음대_3만원초과,기타판관비
850,PL,판매촉진비-기타,기타판관비
851,PL,판매촉진비-세미나및전시회,기타판관비
852,PL,판매촉진비-판촉행사비,기타판관비
853,PL,판매촉진비-스폰서광고,기타판관비
854,PL,판매촉진비-판촉사은품,기타판관비
855,PL,판매촉진비-카달로그제작,기타판관비
856,PL,판매촉진비-Free Gift,기타판관비
857,PL,판매촉진비-외부영업인력수수료,기타판관비
858,PL,판매장려금,기타판관비
859,PL,검사비-재료및시약,기타판관비
860,PL,검사비-규칙준수및인증,기타판관비
861,PL,검사비-선급검사비(중공업Only),기타판관비
862,PL,검사비-기타,기타판관비
863,PL,시운전비,기타판관비
864,PL,조사비-시장조사,기타판관비
865,PL,조사비-자료조사,기타판관비
866,PL,조사비-품질조사,기타판관비
867,PL,조사비-규격인증,기타판관비
868,PL,조사비-연구위탁자문,기타판관비
869,PL,조사비-취재및출연료,기타판관비
870,PL,조사비-기타,기타판관비
871,PL,포장비-제품포장비,기타판관비
872,PL,포장비-포장재비(코닝정밀소재Only),기타판관비
873,PL,포장비-기타,기타판관비
874,PL,용역비-생산공정,기타판관비
875,PL,용역비-식당용역,기타판관비
876,PL,용역비-경비보안,기타판관비
877,PL,용역비-상하차,기타판관비
878,PL,용역비-포장용역,기타판관비
879,PL,용역비-청소/생산CIP용역,기타판관비
880,PL,용역비-생산제품및자재이적,기타판관비
881,PL,용역비-수선,기타판관비
882,PL,용역비-선물셋트/기획제품해체,기타판관비
883,PL,용역비-영업아웃소싱,기타판관비
884,PL,용역비-기타,기타판관비
885,PL,외주비,기타판관비
886,PL,외주비-공사,기타판관비
887,PL,외주비-용역,기타판관비
888,PL,외주비-선물환,기타판관비
889,PL,외주용역비,기타판관비
890,PL,제품보증충당부채전입,충당부채전입액
891,PL,공사손실충당부채전입,충당부채전입액
892,PL,하자보수충당부채전입,충당부채전입액
893,PL,복구충당부채전입,충당부채전입액
894,PL,우발손실충당부채전입,충당부채전입액
895,PL,경상개발비-주식보상비용,경상개발비
896,PL,경상개발비-특허료,경상개발비
897,PL,경상개발비-도서구입비,경상개발비
898,PL,경상개발비-시험연구비,경상개발비
899,PL,경상개발비-국내출장비,경상개발비
900,PL,경상개발비-해외출장비,경상개발비
901,PL,경상개발비-협회비,경상개발비
902,PL,경상개발비-식비,경상개발비
903,PL,경상개발비-운반비,경상개발비
904,PL,경상개발비-교육훈련비,경상개발비
905,PL,경상개발비-소모품비,경상개발비
906,PL,경상개발비-지급수수료,경상개발비
907,PL,경상개발비-직무교육(사내교육),경상개발비
908,PL,경상개발비-직무교육(사외위탁교육),경상개발비
909,PL,경상개발비-직무교육(교육참가일당),경상개발비
910,PL,경상개발비-계층교육(사내교육),경상개발비
911,PL,경상개발비-계층교육(사외위탁교육),경상개발비
912,PL,경상개발비-계층교육(교육참가일당),경상개발비
913,PL,경상개발비-조직활성화교육(사내교육),경상개발비
914,PL,경상개발비-조직활성화교육(사외위탁교육),경상개발비
915,PL,경상개발비-조직활성화교육(교육참가일당),경상개발비
916,PL,경상개발비-자기개발교육(사내교육),경상개발비
917,PL,경상개발비-자기개발교육(사외위탁교육),경상개발비
918,PL,경상개발비-자기개발교육(교육참가일당),경상개발비
919,PL,경상개발비-온라인교육,경상개발비
920,PL,경상개발비-제조통신비,경상개발비
921,PL,경상개발비-제조운반비,경상개발비
922,PL,경상개발비-제조잡비,경상개발비
923,PL,경상개발비-제조지급수수료(일반),경상개발비
924,PL,경상개발비-통신비,경상개발비
925,PL,경상개발비-경조사비,경상개발비
926,PL,경상개발비-업무수행비,경상개발비
927,PL,경상개발비-재료비,경상개발비
928,PL,경상개발비-노무비,경상개발비
929,PL,경상개발비-환차익,경상개발비
930,PL,경상개발비-조직활성화비,경상개발비
931,PL,경상개발비-국책과제,경상개발비
932,PL,수출제비용-내륙운송비,기타판관비
933,PL,수출제비용-해상운송비,기타판관비
934,PL,수출제비용-항공운송비,기타판관비
935,PL,수출제비용-수출보험료,기타판관비
936,PL,수출제비용-통관수수료,기타판관비
937,PL,수출제비용-해상보험료,기타판관비
938,PL,수출제비용-Less Charge외,기타판관비
939,PL,수출제비용-기타/THC/취급수수료/DOC.FEE,기타판관비
940,PL,수출제비용-수출커미션,기타판관비
941,PL,수출입제비용-해외커미션,기타판관비
942,PL,수출입제비용-수출매출채권정산비,기타판관비
943,PL,수출입제비용-매입수수료,기타판관비
944,PL,수출입제비용-기타수출입제비용,기타판관비
945,PL,수출비용,기타판관비
946,PL,기타수익,기타영업외손익
947,PL,배당금수익,기타영업외손익
948,PL,위탁관리수수료수익,기타영업외손익
949,PL,임대료수익,기타영업외손익
950,PL,매도가능금융자산처분이익,기타영업외손익
951,PL,매도가능금융자산손상차손환입,투자주식손상차손
952,PL,종속관계기업투자주식처분이익,기타영업외손익
953,PL,재고자산처분이익,기타영업외손익
954,PL,사용권자산중도상환이익,기타영업외손익
955,PL,보상비용,기타영업외손익
956,PL,수입수수료,기타영업외손익
957,PL,로열티수익,기타영업외손익
958,PL,상품권기간경과이익,기타영업외손익
959,PL,잡이익,기타영업외손익
960,PL,기타비용,기타영업외손익
961,PL,매출채권처분손실,기타영업외손익
962,PL,재고자산처분손실,기타영업외손익
963,PL,재고자산폐기손실,기타영업외손익
964,PL,재고자산감모손실,기타영업외손익
965,PL,종속관계기업투자주식처분손실,기타영업외손익
966,PL,당기손익공정가치측정금융자산처분이익,기타영업외손익
967,PL,당기손익공정가치금융자산처분손실,기타영업외손익
968,PL,기타자산처분손실,기타영업외손익
969,PL,투자부동산처분손실,기타영업외손익
970,PL,투자부동산폐기손실,기타영업외손익
971,PL,유형자산처분손실,기타영업외손익
972,PL,유형자산폐기손실,기타영업외손익
973,PL,유형자산제각손실,기타영업외손익
974,PL,유형자산평가손실,기타영업외손익
975,PL,무형자산처분손실,기타영업외손익
976,PL,투자부동산상각비,기타영업외손익
977,PL,운휴자산상각비,기타영업외손익
978,PL,투자부동산유지관리비,기타영업외손익
979,PL,사회기여금,기타영업외손익
980,PL,기부금,기타영업외손익
981,PL,기타의지급수수료,기타영업외손익
982,PL,기술용역비,기타영업외손익
983,PL,위탁관리수수료,기타영업외손익
984,PL,로열티비용,기타영업외손익
985,PL,잡손실,기타영업외손익
986,PL,재해손실,기타영업외손익
987,PL,파생상품거래이익,기타영업외손익
988,PL,당기손익-공정가치평가금융상품처분이익,기타영업외손익
989,PL,당기손익-공정가치평가금융상품처분손실,기타영업외손익
990,PL,매각예정순자산처분이익,기타영업외손익
991,PL,매각예정자산손상차손환입,기타영업외손익
992,PL,생물자산처분이익,기타영업외손익
993,PL,생물자산평가이익,기타영업외손익
994,PL,생물자산손상차손환입,기타영업외손익
995,PL,유형자산손상차손환입,기타영업외손익
996,PL,부의영업권환입 ,기타영업외손익
997,PL,국고보조금이익,기타영업외손익
998,PL,국고보조금상환이익,기타영업외손익
999,PL,대손충당금환입-매출채권,기타영업외손익
1000,PL,대손충당금환입-장기매출채권,기타영업외손익
1001,PL,대손충당금환입-단기대여금,기타영업외손익
1002,PL,대손충당금환입-장기대여금,기타영업외손익
1003,PL,대손충당금환입-미수금,기타영업외손익
1004,PL,대손충당금환입-장기미수금,기타영업외손익
1005,PL,대손충당금환입-선급비용,기타영업외손익
1006,PL,대손충당금환입-선급금,기타영업외손익
1007,PL,대손충당금환입-장기선급금,기타영업외손익
1008,PL,대손충당금환입-예치보증금,기타영업외손익
1009,PL,대손충당금환입-장기보증금,기타영업외손익
1010,PL,대손충당금환입-기타유동자산,기타영업외손익
1011,PL,대손충당금환입-기타비유동자산,기타영업외손익
1012,PL,대손충당금환입-기타,기타영업외손익
1013,PL,제품보증충당부채환입,기타영업외손익
1014,PL,공사손실충당부채환입,기타영업외손익
1015,PL,하자보수충당부채환입,기타영업외손익
1016,PL,상여충당부채환입,기타영업외손익
1017,PL,복구충당부채환입,기타영업외손익
1018,PL,우발손실충당부채환입,기타영업외손익
1019,PL,연금정산이익,기타영업외손익
1020,PL,연금중단이익,기타영업외손익
1021,PL,수탁연구개발이익,기타영업외손익
1022,PL,전기오류수정이익,기타영업외손익
1023,PL,기타대손상각비-단기대여금,기타대손상각비
1024,PL,기타대손상각비-장기대여금,기타대손상각비
1025,PL,기타대손상각비-미수금,기타대손상각비
1026,PL,기타대손상각비-장기미수금,기타대손상각비
1027,PL,기타대손상각비-선급비용,기타대손상각비
1028,PL,기타대손상각비-선급금,기타대손상각비
1029,PL,기타대손상각비-장기선급금,기타대손상각비
1030,PL,기타대손상각비-예치보증금,기타대손상각비
1031,PL,기타대손상각비-장기보증금,기타대손상각비
1032,PL,기타대손상각비-기타유동자산,기타대손상각비
1033,PL,기타대손상각비-기타비유동자산,기타대손상각비
1034,PL,기타대손상각비-기타,기타대손상각비
1035,PL,연금정산손실,기타영업외손익
1036,PL,연금중단손실,기타영업외손익
1037,PL,기부금-법정,기타영업외손익
1038,PL,기부금-지정,기타영업외손익
1039,PL,기부금-비지정,기타영업외손익
1040,PL,기부금-기타,기타영업외손익
1041,PL,수탁연구개발손실,기타영업외손익
1042,PL,전기오류수정손실,기타영업외손익
1043,PL,자산재평가손실,기타영업외손익
1044,PL,채무면제이익,기타영업외손익
1045,PL,당기손익인식금융자산평가이익,기타영업외손익
1046,PL,파생상품평가이익,기타영업외손익
1047,PL,당기손익공정가치측정금융평가손실,기타영업외손익
1048,PL,당기손익공정가치측정금융부채평가손실,기타영업외손익
1049,PL,당기손익인식금융자산평가손실,기타영업외손익
1050,PL,투자부동산손상차손환입,기타영업외손익
1051,PL,유형자산처분이익,기타영업외손익
1052,PL,무형자산처분이익,기타영업외손익
1053,PL,무형자산손상차손환입,기타영업외손익
1054,PL,기타의대손충당금환입,충당부채전입액
1055,PL,기타의대손상각비,충당부채전입액
1056,PL,파생상품평가손실,기타영업외손익
1057,PL,투자부동산손상차손,투자주식손상차손
1058,PL,유형자산손상차손,투자주식손상차손
1059,PL,유형자산감액손실-건물,투자주식손상차손
1060,PL,유형자산감액손실-구축물,투자주식손상차손
1061,PL,유형자산감액손실-기계장치,투자주식손상차손
1062,PL,무형자산손상차손,투자주식손상차손
1063,PL,금융수익,기타영업외금융손익
1064,PL,이자수익,이자수익
1065,PL,외환차익,기타영업외금융손익
1066,PL,외화환산이익,기타영업외금융손익
1067,PL,금융비용,기타영업외금융손익
1068,PL,이자비용,이자비용
1069,PL,이자비용-일반대,이자비용
1070,PL,이자비용-시설대,이자비용
1071,PL,이자비용-회사채이자,이자비용
1072,PL,이자비용-회사채-사채발행비상각,이자비용
1073,PL,이자비용-유산스,이자비용
1074,PL,이자비용-부채현할차상각,이자비용
1075,PL,이자비용-환가료,이자비용
1076,PL,이자비용-리스부채,이자비용
1077,PL,이자비용-기타,이자비용
1078,PL,외환차손,기타영업외금융손익
1079,PL,외화환산손실,기타영업외금융손익
1080,PL,이자수익-예적금이자,이자수익
1081,PL,이자수익-유가증권이자,이자수익
1082,PL,이자수익-대여금이자,이자수익
1083,PL,이자수익-보험금이자,이자수익
1084,PL,이자수익-외환거래,이자수익
1085,PL,이자수익-할부이자,이자수익
1086,PL,이자수익-현할차상각,이자수익
1087,PL,이자수익-분양연체,이자수익
1088,PL,이자수익-기타,이자수익
1089,PL,외환차익-금융거래,기타영업외금융손익
1090,PL,외화환산이익-금융거래,기타영업외금융손익
1091,PL,파생상품평가이익-통화선도,기타영업외금융손익
1092,PL,파생상품평가이익-통화스왑,기타영업외금융손익
1093,PL,파생상품평가이익-통화옵션,기타영업외금융손익
1094,PL,파생상품평가이익-이자율스왑,기타영업외금융손익
1095,PL,파생상품평가이익-상품선물,기타영업외금융손익
1096,PL,파생상품평가이익-상품선도,기타영업외금융손익
1097,PL,파생상품평가이익-기타,기타영업외금융손익
1098,PL,파생상품거래이익-통화선도,기타영업외금융손익
1099,PL,파생상품거래이익-통화스왑,기타영업외금융손익
1100,PL,파생상품거래이익-통화옵션,기타영업외금융손익
1101,PL,파생상품거래이익-이자율스왑,기타영업외금융손익
1102,PL,파생상품거래이익-상품선물,기타영업외금융손익
1103,PL,파생상품거래이익-상품선도,기타영업외금융손익
1104,PL,파생상품거래이익-기타,기타영업외금융손익
1105,PL,위험회피중단이익,기타영업외금융손익
1106,PL,사채상환이익,기타영업외금융손익
1107,PL,이자비용-당좌차월이자,이자비용
1108,PL,이자비용-단기차입이자,이자비용
1109,PL,이자비용-사채-이자,이자비용
1110,PL,이자비용-사채-상각,이자비용
1111,PL,이자비용-장기차입금,이자비용
1112,PL,이자비용-금융리스,이자비용
1113,PL,이자비용-차입원가,이자비용
1114,PL,이자비용-현할차상각,이자비용
1115,PL,이자비용-AR매각(With Recourse),이자비용
1116,PL,외환차손-금융거래,기타영업외금융손익
1117,PL,외화환산손실-금융거래,기타영업외금융손익
1118,PL,지급보증료-사채,기타영업외금융손익
1119,PL,지급보증료-차입금,기타영업외금융손익
1120,PL,지급보증료-기타,기타영업외금융손익
1121,PL,파생상품평가손실-통화선도,기타영업외금융손익
1122,PL,파생상품평가손실-통화스왑,기타영업외금융손익
1123,PL,파생상품평가손실-통화옵션,기타영업외금융손익
1124,PL,파생상품평가손실-이자율스왑,기타영업외금융손익
1125,PL,파생상품평가손실-상품선물,기타영업외금융손익
1126,PL,파생상품평가손실-상품선도,기타영업외금융손익
1127,PL,파생상품평가손실-기타,기타영업외금융손익
1128,PL,파생상품거래손실-통화선도,기타영업외금융손익
1129,PL,파생상품거래손실-통화스왑,기타영업외금융손익
1130,PL,파생상품거래손실-통화옵션,기타영업외금융손익
1131,PL,파생상품거래손실-이자율스왑,기타영업외금융손익
1132,PL,파생상품거래손실-상품선물,기타영업외금융손익
1133,PL,파생상품거래손실-상품선도,기타영업외금융손익
1134,PL,파생상품거래손실-기타,기타영업외금융손익
1135,PL,위험회피중단손실,기타영업외금융손익
1136,PL,사채상환손실,기타영업외금융손익
1137,PL,사내선물환평가손익-금융거래,기타영업외금융손익
1138,PL,사내선물환거래손익-금융거래,기타영업외금융손익
1139,PL,차입금상환손실,기타영업외금융손익
1140,PL,금융보증수익,기타영업외금융손익
1141,PL,지분법손실,지분법손익
1142,PL,비지배지분순이익,지분법손익
1143,PL,비지배지분순손실,지분법손익
1144,PL,지분법평가이익,지분법손익
1145,PL,지분법매각이익,지분법손익
1146,PL,지분법평가손실,지분법손익
1147,PL,지분법매각손실,지분법손익
1148,PL,법인세환급액,법인세비용
1149,PL,법인세추납액,법인세비용
1150,PL,법인세비용-법인세,법인세비용
1151,PL,법인세비용-주민세,법인세비용
1152,PL,법인세비용-농특세,법인세비용
1153,PL,법인세비용-법인세환급,법인세비용
1154,PL,법인세비용-법인세추납,법인세비용
1155,PL,법인세비용-회계변경,법인세비용
1156,PL,법인세비용-기타,법인세비용
1157,BS,현금,현금및현금성자산
1158,BS,당좌예금,현금및현금성자산
1159,BS,보통예금,현금및현금성자산
1160,BS,현금등가물,현금및현금성자산
1161,BS,당좌예금-Bank Clearing,현금및현금성자산
1162,BS,당좌예금-기타,현금및현금성자산
1163,BS,보통예금-국고보조금,현금및현금성자산
1164,BS,보통예금-Bank Clearing,현금및현금성자산
1165,BS,보통예금-기타,현금및현금성자산
1166,BS,현금성자산,현금및현금성자산
1167,BS,현금및현금성자산-환율평가,현금및현금성자산
1168,BS,현금및현금성자산-부문간배부,현금및현금성자산
1169,BS,기타제예금,현금및현금성자산
1170,BS,전도금,현금및현금성자산
1171,BS,별단예금,현금및현금성자산
1172,BS,기타현금등가물,현금및현금성자산
1173,BS,금전신탁,현금및현금성자산
1174,BS,정기예금,단기금융상품
1175,BS,정기적금,단기금융상품
1176,BS,신탁예금,단기금융상품
1177,BS,특정예금,단기금융상품
1178,BS,기타예금,단기금융상품
1179,BS,기타단기금융상품,단기금융상품
1180,BS,유동성 장기금융상품,단기금융상품
1181,BS,단기금융상품-부문간배부,단기금융상품
1182,BS,외화정기예금,단기금융상품
1183,BS,상호부금,단기금융상품
1184,BS,적립식신탁,단기금융상품
1185,BS,기타부금,단기금융상품
1186,BS,RP,단기금융상품
1187,BS,CD,단기금융상품
1188,BS,CP,단기금융상품
1189,BS,매출채권-국내,매출채권
1190,BS,매출채권-로칼,매출채권
1191,BS,매출채권-해외,매출채권
1192,BS,매출채권-받을어음,매출채권
1193,BS,외상매출금-상품,매출채권
1194,BS,외상매출금-제품,매출채권
1195,BS,외상매출금-반제품,매출채권
1196,BS,외상매출금-자재,매출채권
1197,BS,외상매출금-진행기준-용역,매출채권
1198,BS,외상매출금-Service,매출채권
1199,BS,외상매출금-Agency,매출채권
1200,BS,외상매출금-물류,매출채권
1201,BS,외상매출금-임대료,매출채권
1202,BS,외상매출금-임가공,매출채권
1203,BS,외상매출금-ESCO사업,매출채권
1204,BS,외상매출금-Service공사-에스원Only,매출채권
1205,BS,대행미수금-기획Only,매출채권
1206,BS,외상매출금-기타용역,매출채권
1207,BS,외상매출금-반품,매출채권
1208,BS,외상매출금-반품추정,매출채권
1209,BS,외상매출금-매출에누리,매출채권
1210,BS,외상매출금-매출할인,매출채권
1211,BS,외상매출금-판매장려금,매출채권
1212,BS,외상매출금-판가보전,매출채권
1213,BS,외상매출금-부실채권,매출채권
1214,BS,외상매출금-ABS,매출채권
1215,BS,외상매출금-진행기준-용역-조정,매출채권
1216,BS,외상매출금-차감조정,매출채권
1217,BS,외상매출금-조정,매출채권
1218,BS,외상매출금-기타,매출채권
1219,BS,외상매출금-현할차,매출채권
1220,BS,외상매출금-환율평가,매출채권
1221,BS,외상매출금-대손충당금,매출채권
1222,BS,공사미수금,매출채권
1223,BS,공사미수금-조정,매출채권
1224,BS,공사미수금-환율평가,매출채권
1225,BS,공사미수금-대손충당금,매출채권
1226,BS,분양미수금,매출채권
1227,BS,분양미수금-옵션-물산Only,매출채권
1228,BS,분양미수금-조정,매출채권
1229,BS,분양미수금-환율평가,매출채권
1230,BS,분양미수금-대손충당금,매출채권
1231,BS,받을어음-상품,매출채권
1232,BS,받을어음-제품,매출채권
1233,BS,받을어음-자재,매출채권
1234,BS,받을어음-진행기준-용역,매출채권
1235,BS,받을어음-Service,매출채권
1236,BS,받을어음-Agency,매출채권
1237,BS,받을어음-물류,매출채권
1238,BS,받을어음-임대료,매출채권
1239,BS,받을어음-임가공,매출채권
1240,BS,받을어음-기타용역,매출채권
1241,BS,받을어음-추심우발채무,매출채권
1242,BS,받을어음-할인우발채무,매출채권
1243,BS,받을어음-부도어음,매출채권
1244,BS,받을어음-기타,매출채권
1245,BS,받을어음-실물어음,매출채권
1246,BS,받을어음-현할차,매출채권
1247,BS,받을어음-환율평가,매출채권
1248,BS,받을어음-대손충당금,매출채권
1249,BS,받을어음-공사미수금,매출채권
1250,BS,받을어음-공사미수금-환율평가,매출채권
1251,BS,받을어음-공사미수금-대손충당금,매출채권
1252,BS,받을어음-분양미수금,매출채권
1253,BS,받을어음-분양미수금-환율평가,매출채권
1254,BS,받을어음-분양미수금-대손충당금,매출채권
1255,BS,유동성 장기매출채권,매출채권
1256,BS,매출채권-부문간배부,매출채권
1257,BS,장기외상매출금-상품,매출채권
1258,BS,장기외상매출금-제품,매출채권
1259,BS,장기외상매출금-자재,매출채권
1260,BS,장기외상매출금-진행기준-용역,매출채권
1261,BS,장기외상매출금-Service,매출채권
1262,BS,장기외상매출금-Agency,매출채권
1263,BS,장기외상매출금-물류,매출채권
1264,BS,장기외상매출금-임대료,매출채권
1265,BS,장기외상매출금-임가공,매출채권
1266,BS,장기외상매출금-ESCO사업,매출채권
1267,BS,장기외상매출금-기타용역,매출채권
1268,BS,장기외상매출금-반품,매출채권
1269,BS,장기외상매출금-매출에누리,매출채권
1270,BS,장기외상매출금-매출할인,매출채권
1271,BS,장기외상매출금-판매장려금,매출채권
1272,BS,장기외상매출금-판가보전,매출채권
1273,BS,장기외상매출금-부실채권,매출채권
1274,BS,장기외상매출금-ABS,매출채권
1275,BS,장기외상매출금-진행기준-용역-조정,매출채권
1276,BS,장기외상매출금-기타,매출채권
1277,BS,장기외상매출금-현할차,매출채권
1278,BS,장기외상매출금-환율평가,매출채권
1279,BS,장기외상매출금-대손충당금,매출채권
1280,BS,장기공사미수금,매출채권
1281,BS,장기공사미수금-조정,매출채권
1282,BS,장기공사미수금-환율평가,매출채권
1283,BS,장기공사미수금-대손충당금,매출채권
1284,BS,장기분양미수금,매출채권
1285,BS,장기분양미수금-조정,매출채권
1286,BS,장기분양미수금-환율평가,매출채권
1287,BS,장기분양미수금-대손충당금,매출채권
1288,BS,장기받을어음-상품,매출채권
1289,BS,장기받을어음-제품,매출채권
1290,BS,장기받을어음-자재,매출채권
1291,BS,장기받을어음-진행기준-용역,매출채권
1292,BS,장기받을어음-Service,매출채권
1293,BS,장기받을어음-Agency,매출채권
1294,BS,장기받을어음-물류,매출채권
1295,BS,장기받을어음-임대료,매출채권
1296,BS,장기받을어음-임가공,매출채권
1297,BS,장기받을어음-기타용역,매출채권
1298,BS,장기받을어음-추심우발채무,매출채권
1299,BS,장기받을어음-할인우발채무,매출채권
1300,BS,장기받을어음-부도어음,매출채권
1301,BS,장기받을어음-기타,매출채권
1302,BS,장기받을어음-실물어음,매출채권
1303,BS,장기받을어음-현할차,매출채권
1304,BS,장기받을어음-환율평가,매출채권
1305,BS,장기받을어음-대손충당금,매출채권
1306,BS,장기받을어음-장기공사미수금,매출채권
1307,BS,장기받을어음-장기공사미수금-환율평가,매출채권
1308,BS,장기받을어음-장기공사미수금-대손충당금,매출채권
1309,BS,장기받을어음-장기분양미수금,매출채권
1310,BS,장기받을어음-장기분양미수금-환율평가,매출채권
1311,BS,장기받을어음-장기분양미수금-대손충당금,매출채권
1312,BS,장기매출채권-유동성대체,매출채권
1313,BS,장기매출채권-부문간배부,매출채권
1314,BS,수출외상매출금,매출채권
1315,BS,대손충당금-수출외상매출금,매출채권
1316,BS,대손충당금-외상매출금,매출채권
1317,BS,대손충당금-받을어음,매출채권
1318,BS,미수금-신용카드,미수금
1319,BS,미수금-기타,미수금
1320,BS,미수금-고정자산매각대,미수금
1321,BS,미수금-재고매각대,미수금
1322,BS,미수금-종업원,미수금
1323,BS,미수금-Agency,미수금
1324,BS,미수금-Claim-재고반품,미수금
1325,BS,미수금-Claim,미수금
1326,BS,미수금-상품권,미수금
1327,BS,미수금-조정,미수금
1328,BS,미수금-부가세,미수금
1329,BS,미수금-관세,미수금
1330,BS,미수금-주민세,미수금
1331,BS,미수금-기타제세,미수금
1332,BS,미수금-금융,미수금
1333,BS,미수금-배당금수익,미수금
1334,BS,미수금-현할차,미수금
1335,BS,미수금-환율평가,미수금
1336,BS,미수금-대손충당금,미수금
1337,BS,어음미수금-고정자산매각대,미수금
1338,BS,어음미수금-재고자산매각대,미수금
1339,BS,어음미수금-추심우발채무,미수금
1340,BS,어음미수금-할인우발채무,미수금
1341,BS,어음미수금-부도어음,미수금
1342,BS,어음미수금-기타,미수금
1343,BS,어음미수금-현할차,미수금
1344,BS,어음미수금-환율평가,미수금
1345,BS,어음미수금-대손충당금,미수금
1346,BS,유동성 장기미수금,미수금
1347,BS,미수금-부문간배부,미수금
1348,BS,장기미수금-고정자산매각대,미수금
1349,BS,장기미수금-재고자산매각대,미수금
1350,BS,장기미수금-종업원,미수금
1351,BS,장기미수금-Agency,미수금
1352,BS,장기미수금-상품권,미수금
1353,BS,장기미수금-제세-기타,미수금
1354,BS,장기미수금-금융,미수금
1355,BS,장기금융리스자산,미수금
1356,BS,장기미수금-기타,미수금
1357,BS,장기미수금-현할차,미수금
1358,BS,장기미수금-환율평가,미수금
1359,BS,장기미수금-대손충당금,미수금
1360,BS,장기어음미수금-고정자산매각대,미수금
1361,BS,장기어음미수금-재고자산매각대,미수금
1362,BS,장기어음미수금-추심우발채무,미수금
1363,BS,장기어음미수금-할인우발채무,미수금
1364,BS,장기어음미수금-부도어음,미수금
1365,BS,장기어음미수금-기타,미수금
1366,BS,장기어음미수금-현할차,미수금
1367,BS,장기어음미수금-환율평가,미수금
1368,BS,장기어음미수금-대손충당금,미수금
1369,BS,장기미수금-유동성대체,미수금
1370,BS,장기미수금-부문간배부,미수금
1371,BS,미수수익-수입이자,미수수익
1372,BS,미수수익-기타,미수수익
1373,BS,미수수익-예적금이자,미수수익
1374,BS,미수수익-유가증권이자,미수수익
1375,BS,미수수익-대여금이자,미수수익
1376,BS,미수수익-분양연체이자,미수수익
1377,BS,미수수익-기타금융상품이자,미수수익
1378,BS,미수수익-임대료,미수수익
1379,BS,미수수익-시스템사용료,미수수익
1380,BS,미수수익-환율평가,미수수익
1381,BS,미수수익-대손충당금,미수수익
1382,BS,미수수익-부문간배부,미수수익
1383,BS,선급금-수입부가세,선급금
1384,BS,선급금-기타,선급금
1385,BS,선급금-재고매입,선급금
1386,BS,선급금-영업거래,선급금
1387,BS,선급금-외주비,선급금
1388,BS,선급금-조정,선급금
1389,BS,선급금-공사-자재구입,선급금
1390,BS,선급금-공사-용지,선급금
1391,BS,선급금-선물환,선급금
1392,BS,선급금-대손충당금,선급금
1393,BS,유동성 장기선급금,선급금
1394,BS,선급금-부문간배부,선급금
1395,BS,장기선급금-영업거래,선급금
1396,BS,장기선급금-기타,선급금
1397,BS,장기선급금-대손충당금,선급금
1398,BS,장기선급금-유동성대체,선급금
1399,BS,장기선급금-부문간배부,선급금
1400,BS,선급비용-이자비용,선급비용
1401,BS,선급비용-차량보험료,선급비용
1402,BS,선급비용-비정기상여-급여,선급비용
1403,BS,선급비용-비정기상여-임금-시급직,선급비용
1404,BS,선급비용-비정기상여-급여-SP,선급비용
1405,BS,선급비용-보험료-보증보험료,선급비용
1406,BS,선급비용-모델료,선급비용
1407,BS,선급비용-지급보증수수료,선급비용
1408,BS,선급비용-S/W유지보수료,선급비용
1409,BS,선급비용-임차료-건물,선급비용
1410,BS,선급비용-임차료-토지,선급비용
1411,BS,선급비용-로열티,선급비용
1412,BS,선급비용-환가료,선급비용
1413,BS,선급비용-배상보험료,선급비용
1414,BS,선급비용-행사/홍보,선급비용
1415,BS,선급비용-판매장려금,선급비용
1416,BS,선급비용-상해보험/질병보험,선급비용
1417,BS,선급비용-도서비-신문,선급비용
1418,BS,선급비용-통신비-정보이용료,선급비용
1419,BS,선급비용-사용권자산,선급비용
1420,BS,선급비용-기타,선급비용
1421,BS,선급비용-상여금,선급비용
1422,BS,선급비용-연월차,선급비용
1423,BS,선급비용-국민연금보험,선급비용
1424,BS,선급비용-건강보험,선급비용
1425,BS,선급비용-산재보험,선급비용
1426,BS,선급비용-고용보험,선급비용
1427,BS,선급비용-상해보험,선급비용
1428,BS,선급비용-단체보험,선급비용
1429,BS,선급비용-장기요양보험,선급비용
1430,BS,선급비용-기타복리후생,선급비용
1431,BS,선급비용-화재보험료,선급비용
1432,BS,선급비용-동산종합보험료,선급비용
1433,BS,선급비용-자동차보험료,선급비용
1434,BS,선급비용-중장비안전보험료,선급비용
1435,BS,선급비용-선박보험료,선급비용
1436,BS,선급비용-보증보험료,선급비용
1437,BS,선급비용-채권보험료,선급비용
1438,BS,선급비용-운송보험료,선급비용
1439,BS,선급비용-수출보험료,선급비용
1440,BS,선급비용-조립보험료,선급비용
1441,BS,선급비용-건설공사보험료,선급비용
1442,BS,선급비용-제조물배상책임보험료,선급비용
1443,BS,선급비용-영업배상책임보험료,선급비용
1444,BS,선급비용-패키지보험료,선급비용
1445,BS,선급비용-기타보험료,선급비용
1446,BS,선급비용-토지임차료,선급비용
1447,BS,선급비용-건물임차료,선급비용
1448,BS,선급비용-구축물임차료,선급비용
1449,BS,선급비용-기계장치임차료,선급비용
1450,BS,선급비용-차량운반구임차료,선급비용
1451,BS,선급비용-컴퓨터임차료,선급비용
1452,BS,선급비용-복사기임차료,선급비용
1453,BS,선급비용-전산장비임차료,선급비용
1454,BS,선급비용-소프트웨어임차료,선급비용
1455,BS,선급비용-창고임차료,선급비용
1456,BS,선급비용-가설재임차료,선급비용
1457,BS,선급비용-운용리스료임차료,선급비용
1458,BS,선급비용-운용리스보험료임차료,선급비용
1459,BS,선급비용-기타임차료,선급비용
1460,BS,선급비용-지급수수료,선급비용
1461,BS,선급비용-광고선전비,선급비용
1462,BS,선급비용-판매촉진비,선급비용
1463,BS,선급비용-세금과공과,선급비용
1464,BS,선급비용-기술사용료,선급비용
1465,BS,선급비용-지급보증료,선급비용
1466,BS,선급비용-물류비,선급비용
1467,BS,선급비용-임가공비,선급비용
1468,BS,선급비용-외주비,선급비용
1469,BS,선급비용-선급공사원가,선급비용
1470,BS,선급비용-사내근로복지기금,선급비용
1471,BS,선급비용-가지급대체,선급비용
1472,BS,선급비용-자본화비용,선급비용
1473,BS,선급비용-비용이연,선급비용
1474,BS,선급비용-비용이연-기획Only,선급비용
1475,BS,선급비용-포장재비-코닝정밀소재Only,선급비용
1476,BS,선급비용-Project원가,선급비용
1477,BS,선급비용-Link이자-물산Only,선급비용
1478,BS,선급비용-대손충당금,선급비용
1479,BS,유동성 장기선급비용,선급비용
1480,BS,선급비용-부문간배부,선급비용
1481,BS,장기선급비용-상여금,선급비용
1482,BS,장기선급비용-복리후생비,선급비용
1483,BS,장기선급비용-보험료,선급비용
1484,BS,장기선급비용-임차료,선급비용
1485,BS,장기선급비용-지급수수료,선급비용
1486,BS,장기선급비용-광고선전비,선급비용
1487,BS,장기선급비용-판매촉진비,선급비용
1488,BS,장기선급비용-세금과공과,선급비용
1489,BS,장기선급비용-기술사용료,선급비용
1490,BS,장기선급비용-이자비용,선급비용
1491,BS,장기선급비용-지급보증료,선급비용
1492,BS,장기선급비용-사내근로복지기금,선급비용
1493,BS,장기선급비용-자본화비용,선급비용
1494,BS,장기선급비용-기타,선급비용
1495,BS,장기선급비용-유동성대체,선급비용
1496,BS,장기선급비용-부문간배부,선급비용
1497,BS,기타비유동자산,선급비용
1498,BS,기타투자자산,선급비용
1499,BS,장기선급금,선급비용
1500,BS,대손충당금-장기선급금,선급비용
1501,BS,장기선급비용,선급비용
1502,BS,당기손익공정가치측정금융자산-국공채,당기손익공정가치측정금융자산
1503,BS,당기손익공정가치측정금융자산-MMT,당기손익공정가치측정금융자산
1504,BS,당기손익공정가치측정금융자산-옵션부주식,당기손익공정가치측정금융자산
1505,BS,당기손익공정가치측정금융자산-투자자산,당기손익공정가치측정금융자산
1506,BS,당기손익공정가치측정금융자산-상환우선주,당기손익공정가치측정금융자산
1507,BS,상품,재고자산
1508,BS,평가손실충당금-상품,재고자산
1509,BS,제품,재고자산
1510,BS,평가손실충당금-제품,재고자산
1511,BS,국고보조금-제품,재고자산
1512,BS,재공품,재고자산
1513,BS,평가손실충당금-재공품,재고자산
1514,BS,원재료,재고자산
1515,BS,평가손실충당금-원재료,재고자산
1516,BS,국고보조금,재고자산
1517,BS,저장품,재고자산
1518,BS,저장품-판촉물,재고자산
1519,BS,저장품-유류,재고자산
1520,BS,저장품-생산소모품,재고자산
1521,BS,저장품-수선용품,재고자산
1522,BS,저장품-환경용품,재고자산
1523,BS,저장품-공업용수,재고자산
1524,BS,미착품,재고자산
1525,BS,미착품-상품,재고자산
1526,BS,미착품-원재료,재고자산
1527,BS,미착품-부재료,재고자산
1528,BS,미착품-포재료,재고자산
1529,BS,미착품-저장품,재고자산
1530,BS,반품자산,재고자산
1531,BS,완성상가,재고자산
1532,BS,평가손실충당금,재고자산
1533,BS,상품-반품추정,재고자산
1534,BS,상품-반품추정-폐기충당,재고자산
1535,BS,상품-Aging평가충당금,재고자산
1536,BS,상품-저가법평가충당금,재고자산
1537,BS,부산물,재고자산
1538,BS,제품-반품추정,재고자산
1539,BS,제품-반품추정-폐기충당,재고자산
1540,BS,제품-Aging평가충당금,재고자산
1541,BS,제품-저가법평가충당금,재고자산
1542,BS,완성부동산,재고자산
1543,BS,반제품,재고자산
1544,BS,반제품-Aging평가충당금,재고자산
1545,BS,반제품-저가법평가충당금,재고자산
1546,BS,용지-평가충당금,재고자산
1547,BS,미완성공사,재고자산
1548,BS,미완성공사-평가충당금,재고자산
1549,BS,재공품-Aging평가충당금,재고자산
1550,BS,재공품-저가법평가충당금,재고자산
1551,BS,원재료-선물환,재고자산
1552,BS,원재료-조정,재고자산
1553,BS,원재료-Aging평가충당금,재고자산
1554,BS,원재료-저가법평가충당금,재고자산
1555,BS,저장품-소모품,재고자산
1556,BS,저장품-A/S자재,재고자산
1557,BS,저장품-건설자재,재고자산
1558,BS,저장품-수선용자재,재고자산
1559,BS,저장품-소방자재-에버랜드Only,재고자산
1560,BS,저장품-수목-에버랜드Only,재고자산
1561,BS,저장품-저장기기-에스원Only,재고자산
1562,BS,저장품-공사기기-에스원Only,재고자산
1563,BS,저장품-기타,재고자산
1564,BS,저장품-Aging평가충당금,재고자산
1565,BS,저장품-저가법평가충당금,재고자산
1566,BS,가설재-조정,재고자산
1567,BS,미착품-물대-Target-상품,재고자산
1568,BS,미착품-물대-Target-제품,재고자산
1569,BS,미착품-물대-Target-반제품,재고자산
1570,BS,미착품-물대-Target-원재료,재고자산
1571,BS,미착품-물대-Target-저장품,재고자산
1572,BS,미착품-물대-Target-가설재,재고자산
1573,BS,미착품-관세-GR/IR-상품,재고자산
1574,BS,미착품-관세-GR/IR-제품,재고자산
1575,BS,미착품-관세-GR/IR-반제품,재고자산
1576,BS,미착품-관세-GR/IR-원재료,재고자산
1577,BS,미착품-관세-GR/IR-저장품,재고자산
1578,BS,미착품-관세-GR/IR-가설재,재고자산
1579,BS,미착품-관세-충당,재고자산
1580,BS,미착품-부대비-GR/IR-상품,재고자산
1581,BS,미착품-부대비-GR/IR-제품,재고자산
1582,BS,미착품-부대비-GR/IR-반제품,재고자산
1583,BS,미착품-부대비-GR/IR-원재료,재고자산
1584,BS,미착품-부대비-GR/IR-저장품,재고자산
1585,BS,미착품-부대비-GR/IR-가설재,재고자산
1586,BS,GR/IR-부대비-GR/IR-운송료,재고자산
1587,BS,GR/IR-부대비-GR/IR-보험료,재고자산
1588,BS,GR/IR-부대비-GR/IR-기타,재고자산
1589,BS,GR/IR-상품-물대,재고자산
1590,BS,GR/IR-상품-조정,재고자산
1591,BS,GR/IR-제품-물대,재고자산
1592,BS,GR/IR-제품-조정,재고자산
1593,BS,GR/IR-반제품-물대,재고자산
1594,BS,GR/IR-반제품-조정,재고자산
1595,BS,GR/IR-원재료-물대,재고자산
1596,BS,GR/IR-원재료-조정,재고자산
1597,BS,GR/IR-저장품-물대,재고자산
1598,BS,GR/IR-저장품-조정,재고자산
1599,BS,GR/IR-가설재-물대,재고자산
1600,BS,GR/IR-가설재-조정,재고자산
1601,BS,적송품-상품,재고자산
1602,BS,적송품-제품,재고자산
1603,BS,적송품-반제품,재고자산
1604,BS,적송품-원재료,재고자산
1605,BS,적송품-저장품,재고자산
1606,BS,기타재고자산,재고자산
1607,BS,기타재고자산-미실현이익조정,재고자산
1608,BS,기타재고자산-Aging평가충당금,재고자산
1609,BS,기타재고자산-저가법평가충당금,재고자산
1610,BS,재고자산-부문간배부,재고자산
1611,BS,용지,재고자산
1612,BS,미완성건물,재고자산
1613,BS,미완성주택,재고자산
1614,BS,가설재,재고자산
1615,BS,반품자산회수권,재고자산
1616,BS,반품자산회수권-손상차손누계액,재고자산
1617,BS,위탁원료,재고자산
1618,BS,위탁원료-평가충당금,재고자산
1619,BS,미착원자재,재고자산
1620,BS,단기매매증권,기타유동금융자산
1621,BS,단기대여금,대여금
1622,BS,단기대여금-거래처,대여금
1623,BS,단기대여금-관계사,대여금
1624,BS,단기대여금-Pooling,대여금
1625,BS,단기대여금-주주,대여금
1626,BS,단기대여금-Project,대여금
1627,BS,단기대여금-기타,대여금
1628,BS,단기대여금-현할차,대여금
1629,BS,단기대여금-종업원-주택대부,대여금
1630,BS,단기대여금-종업원-우리사주,대여금
1631,BS,단기대여금-종업원-생활안정,대여금
1632,BS,단기대여금-종업원-차량구입,대여금
1633,BS,단기대여금-종업원-기타,대여금
1634,BS,단기대여금-종업원-현할차,대여금
1635,BS,단기대여금-환율평가,대여금
1636,BS,단기대여금-대손충당금,대여금
1637,BS,유동성 장기대여금,대여금
1638,BS,단기대여금-부문간배부,대여금
1639,BS,기타비유동금융자산,기타금융자산
1640,BS,장기성매출채권,매출채권
1641,BS,장기대여금,대여금
1642,BS,장기미수금,미수금
1643,BS,장기미수금대손충당금,미수금
1644,BS,현재가치할인차금-장기미수금,미수금
1645,BS,보증금-임차보증금,보증금
1646,BS,보증금-전신전화가입권,보증금
1647,BS,보증금-영업보증금,보증금
1648,BS,보증금-법원보관금,보증금
1649,BS,보증금-지급보증금,보증금
1650,BS,보증금-기타,보증금
1651,BS,당기손익인식지정금융자산,당기손익공정가치측정금융자산
1652,BS,장기대여금-거래처,대여금
1653,BS,장기대여금-관계사,대여금
1654,BS,장기대여금-주주,대여금
1655,BS,장기대여금-Project,대여금
1656,BS,장기대여금-기타,대여금
1657,BS,장기대여금-현할차,대여금
1658,BS,장기대여금-종업원-주택대부,대여금
1659,BS,장기대여금-종업원-우리사주,대여금
1660,BS,장기대여금-종업원-생활안정,대여금
1661,BS,장기대여금-종업원-차량구입,대여금
1662,BS,장기대여금-종업원-기타,대여금
1663,BS,장기대여금-종업원-현할차,대여금
1664,BS,장기대여금-환율평가,대여금
1665,BS,장기대여금-대손충당금,대여금
1666,BS,장기대여금-유동성대체,대여금
1667,BS,장기대여금-부문간배부,대여금
1668,BS,장기보증금-수입보증금,보증금
1669,BS,장기보증금-환급관세,보증금
1670,BS,장기보증금-거래보증금,보증금
1671,BS,장기보증금-공탁금,보증금
1672,BS,장기보증금-기타영업,보증금
1673,BS,장기보증금-공사보증금,보증금
1674,BS,장기보증금-입찰보증금,보증금
1675,BS,장기보증금-계약보증금,보증금
1676,BS,장기보증금-하자보증금,보증금
1677,BS,장기보증금-사무실임차,보증금
1678,BS,장기보증금-매장임차,보증금
1679,BS,장기보증금-주택임차,보증금
1680,BS,장기보증금-기타임차,보증금
1681,BS,장기보증금-전신전화가입권,보증금
1682,BS,장기보증금-기타가입권,보증금
1683,BS,장기보증금-기타,보증금
1684,BS,장기보증금-현할차,보증금
1685,BS,장기보증금-환율평가,보증금
1686,BS,장기보증금-대손충당금,보증금
1687,BS,장기보증금-유동성대체,보증금
1688,BS,장기보증금-부문간배부,보증금
1689,BS,단기대여금-주임종,대여금
1690,BS,장기대여금-주임종,대여금
1691,BS,장기미수수익,미수수익
1692,BS,예치보증금-수입보증금,보증금
1693,BS,예치보증금-환급관세,보증금
1694,BS,예치보증금-거래보증금,보증금
1695,BS,예치보증금-공탁금,보증금
1696,BS,예치보증금-기타영업,보증금
1697,BS,예치보증금-공사보증금,보증금
1698,BS,예치보증금-입찰보증금,보증금
1699,BS,예치보증금-계약보증금,보증금
1700,BS,예치보증금-하자보증금,보증금
1701,BS,예치보증금-사무실임차,보증금
1702,BS,예치보증금-매장임차,보증금
1703,BS,예치보증금-주택임차,보증금
1704,BS,예치보증금-기타임차,보증금
1705,BS,예치보증금-전신전화가입권,보증금
1706,BS,예치보증금-기타가입권,보증금
1707,BS,예치보증금-기타,보증금
1708,BS,예치보증금-환율평가,보증금
1709,BS,예치보증금-대손충당금,보증금
1710,BS,유동성 장기보증금,보증금
1711,BS,예치보증금-부문간배부,보증금
1712,BS,선급법인세-원천징수,선급법인세
1713,BS,선급법인세-중간예납,선급법인세
1714,BS,선급법인세-기타,선급법인세
1715,BS,선급법인세-부문간배부,선급법인세
1716,BS,매입부가세,기타유동자산
1717,BS,매입부가세-이연,기타유동자산
1718,BS,매입부가세-조정,기타유동자산
1719,BS,매입부가세-부문간배부,기타유동자산
1720,BS,전도금,기타유동자산
1721,BS,전도금-환율평가,기타유동자산
1722,BS,전도금-부문간배부,기타유동자산
1723,BS,가지급금-경비,기타유동자산
1724,BS,가지급금-출장비,기타유동자산
1725,BS,가지급금-경조금,기타유동자산
1726,BS,가지급금-기타,기타유동자산
1727,BS,선급법인세,선급법인세
1728,BS,장기선급임차료,기타유동자산
1729,BS,미수법인세환급액,당기법인세자산
1730,BS,미수법인세자산,당기법인세자산
1731,BS,매각예정유동자산,매각예정자산
1732,BS,매각예정비유동자산,매각예정자산
1733,BS,장기 정기예금,장기금융상품
1734,BS,장기 정기적금,장기금융상품
1735,BS,장기 신탁예금,장기금융상품
1736,BS,장기 별단예금,장기금융상품
1737,BS,장기 기타예금,장기금융상품
1738,BS,기타장기금융상품,장기금융상품
1739,BS,장기금융상품-유동성대체,장기금융상품
1740,BS,장기금융상품-부문간배부,장기금융상품
1741,BS,전세권,장기금융상품
1742,BS,전신전화가입권,장기금융상품
1743,BS,수입보증금,장기금융상품
1744,BS,기타보증금,장기금융상품
1745,BS,파생상품자산-유동-통화선도,파생상품금융자산
1746,BS,파생상품자산-유동-통화스왑,파생상품금융자산
1747,BS,파생상품자산-유동-통화옵션,파생상품금융자산
1748,BS,파생상품자산-유동-이자율스왑,파생상품금융자산
1749,BS,파생상품자산-유동-상품선물,파생상품금융자산
1750,BS,파생상품자산-유동-상품선도,파생상품금융자산
1751,BS,파생상품자산-유동-기타,파생상품금융자산
1752,BS,유동성 파생상품자산,파생상품금융자산
1753,BS,파생상품자산-유동-부문간배부,파생상품금융자산
1754,BS,파생상품자산-통화선도,파생상품금융자산
1755,BS,파생상품자산-통화스왑,파생상품금융자산
1756,BS,파생상품자산-통화옵션,파생상품금융자산
1757,BS,파생상품자산-이자율스왑,파생상품금융자산
1758,BS,파생상품자산-상품선물,파생상품금융자산
1759,BS,파생상품자산-상품선도,파생상품금융자산
1760,BS,파생상품자산-통화선도-중공업Only,파생상품금융자산
1761,BS,파생상품자산-기타,파생상품금융자산
1762,BS,파생상품자산-유동성대체,파생상품금융자산
1763,BS,파생상품자산-부문간배부,파생상품금융자산
1764,BS,관계기업투자주식,관계기업투자주식
1765,BS,공동기업투자주식,공동기업투자주식
1766,BS,조인트벤처투자주식,공동기업투자주식
1767,BS,조인트벤처주식,공동기업투자주식
1768,BS,공동기업주식,공동기업투자주식
1769,BS,종속투자주식,종속기업투자주식
1770,BS,투자차액-연결,종속기업투자주식
1771,BS,종속투자주식-부문간배부,종속기업투자주식
1772,BS,지분법적용투자주식,관계기업투자주식
1773,BS,지분법주식,관계기업투자주식
1774,BS,지분법투자주식,관계기업투자주식
1775,BS,관계기업주식,관계기업투자주식
1776,BS,지분법주식손상차손누계액,관계기업투자주식
1777,BS,지분법투자주식손상차손누계액,관계기업투자주식
1778,BS,관계기업주식손상차손누계액,관계기업투자주식
1779,BS,지분법주식손상차손누계액,관계기업투자주식
1780,BS,종속투자주식손상차손누계액,종속기업투자주식
1781,BS,종속기업주식손상차손누계액,종속기업투자주식
1782,BS,지분법주식손상차손충당금,관계기업투자주식
1783,BS,지분법투자주식손상차손충당금,관계기업투자주식
1784,BS,관계기업주식손상차손충당금,관계기업투자주식
1785,BS,지분법주식손상차손충당금,관계기업투자주식
1786,BS,종속투자주식손상차손충당금,종속기업투자주식
1787,BS,종속기업주식손상차손충당금,종속기업투자주식
1788,BS,종속기업주식,종속기업투자주식
1789,BS,토지,유형자산
1790,BS,토지-손상차손누계액,유형자산
1791,BS,건물,유형자산
1792,BS,건물-감가상각누계액,유형자산
1793,BS,건물-손상차손누계액,유형자산
1794,BS,건물-국고보조금,유형자산
1795,BS,구축물,유형자산
1796,BS,구축물-감가상각누계액,유형자산
1797,BS,구축물-손상차손누계액,유형자산
1798,BS,기계장치,유형자산
1799,BS,기계장치-감가상각누계액,유형자산
1800,BS,기계장치-손상차손누계액,유형자산
1801,BS,기계장치-국고보조금,유형자산
1802,BS,차량운반구,유형자산
1803,BS,차량운반구-감가상각누계액,유형자산
1804,BS,공구기구비품,유형자산
1805,BS,공구기구비품-감가상각누계액,유형자산
1806,BS,공구기구비품-손상차손누계액,유형자산
1807,BS,공구기구비품-국고보조금,유형자산
1808,BS,영업장비,유형자산
1809,BS,영업장비-감가상각누계액,유형자산
1810,BS,전산비품,유형자산
1811,BS,전산비품-감가상각누계액,유형자산
1812,BS,직장보육시설자산,유형자산
1813,BS,직장보육시설자산-감가상각누계액,유형자산
1814,BS,직장보육시설자산-국고보조금,유형자산
1815,BS,금형,유형자산
1816,BS,금형-감가상각누계액,유형자산
1817,BS,시험기자재,유형자산
1818,BS,시험기자재-감가상각누계액,유형자산
1819,BS,시험기자재-국고보조금,유형자산
1820,BS,건설중인자산,유형자산
1821,BS,선박,유형자산
1822,BS,선박-금융리스,유형자산
1823,BS,선박-감가상각누계액,유형자산
1824,BS,선박-감가상각누계액-금융리스,유형자산
1825,BS,선박-손상차손누계액,유형자산
1826,BS,항공기,유형자산
1827,BS,항공기-금융리스,유형자산
1828,BS,항공기-감가상각누계액,유형자산
1829,BS,항공기-감가상각누계액-금융리스,유형자산
1830,BS,항공기-손상차손누계액,유형자산
1831,BS,동물,유형자산
1832,BS,식물,유형자산
1833,BS,임차자산개량권,유형자산
1834,BS,전산장비,유형자산
1835,BS,전산장비-금융리스,유형자산
1836,BS,경보기기,유형자산
1837,BS,경보설비,유형자산
1838,BS,비상각자산,유형자산
1839,BS,가설재-유형자산,유형자산
1840,BS,기타유형자산,유형자산
1841,BS,기타유형자산-금융리스,유형자산
1842,BS,동물-감가상각누계액,유형자산
1843,BS,식물-감가상각누계액,유형자산
1844,BS,임차자산개량권-감가상각누계액,유형자산
1845,BS,전산장비-감가상각누계액,유형자산
1846,BS,전산장비-감가상각누계액-금융리스,유형자산
1847,BS,경보기기-감가상각누계액,유형자산
1848,BS,경보기기-감가상각누계액-금융리스,유형자산
1849,BS,경보설비-감가상각누계액,유형자산
1850,BS,경보설비-감가상각누계액-금융리스,유형자산
1851,BS,기타유형자산-감가상각누계액,유형자산
1852,BS,기타유형자산-감가상각누계액-금융리스,유형자산
1853,BS,기타유형자산-손상차손누계액,유형자산
1854,BS,건설중인자산-토지,유형자산
1855,BS,건설중인자산-건물,유형자산
1856,BS,건설중인자산-건물부속설비,유형자산
1857,BS,건설중인자산-구축물,유형자산
1858,BS,건설중인자산-기계장치,유형자산
1859,BS,건설중인자산-기계장치-중장비,유형자산
1860,BS,건설중인자산-금형,유형자산
1861,BS,건설중인자산-선박,유형자산
1862,BS,건설중인자산-항공기,유형자산
1863,BS,건설중인자산-차량운반구,유형자산
1864,BS,건설중인자산-공구기구,유형자산
1865,BS,건설중인자산-비품가구,유형자산
1866,BS,건설중인자산-기타유형자산,유형자산
1867,BS,건설중인자산-공사제비,유형자산
1868,BS,건설중인자산-차입원가,유형자산
1869,BS,건설중인자산-무형자산,유형자산
1870,BS,건설중인자산-손상차손누계액,유형자산
1871,BS,미착자산-물대-Target,유형자산
1872,BS,미착자산-관세-GR/IR,유형자산
1873,BS,미착자산-관세-충당,유형자산
1874,BS,미착자산-부대비-GR/IR,유형자산
1875,BS,GR/IR-유형자산,유형자산
1876,BS,GR/IR-유형자산-조정,유형자산
1877,BS,유형자산-국고보조금,유형자산
1878,BS,유형자산-공사부담금,유형자산
1879,BS,입목,유형자산
1880,BS,미착기계,유형자산
1881,BS,중장비,유형자산
1882,BS,중장비-감가상각누계액,유형자산
1883,BS,중장비-손상차손누계액,유형자산
1884,BS,건설가계정-유형자산,유형자산
1885,BS,건설가계정-수선,유형자산
1886,BS,건설가계정-특정차입금자본화,유형자산
1887,BS,건설가계정-일반차입금자본화,유형자산
1888,BS,건설가계정손상차손누계액,유형자산
1889,BS,임차개량자산,유형자산
1890,BS,임차개량자산감가상각누계액,유형자산
1891,BS,임차개량자산손상차손누계액,유형자산
1892,BS,탱크,유형자산
1893,BS,탱크-감가상각누계액,유형자산
1894,BS,임차시설물,유형자산
1895,BS,임차시설물-감가상각누계액,유형자산
1896,BS,감가상각누계액,투자부동산
1897,BS,투자부동산-토지,투자부동산
1898,BS,투자부동산-건물,투자부동산
1899,BS,투자부동산-감가상각누계액,투자부동산
1900,BS,투자부동산-손상차손누계액,투자부동산
1901,BS,투자부동산-부문간배부,투자부동산
1902,BS,산업재산권,무형자산
1903,BS,전용측선이용권,무형자산
1904,BS,공업용수이용권,무형자산
1905,BS,개발비,무형자산
1906,BS,소프트웨어,무형자산
1907,BS,임차권리금,무형자산
1908,BS,회원권,무형자산
1909,BS,기타의무형자산,무형자산
1910,BS,영업권,무형자산
1911,BS,부의영업권,무형자산
1912,BS,국제공동사업권,무형자산
1913,BS,특허권,무형자산
1914,BS,실용신안권,무형자산
1915,BS,의장권,무형자산
1916,BS,상표권,무형자산
1917,BS,판권,무형자산
1918,BS,광업권,무형자산
1919,BS,전기및가스시설이용권,무형자산
1920,BS,전신전화전용시설이용권,무형자산
1921,BS,공업용수도이용권,무형자산
1922,BS,수도시설이용권,무형자산
1923,BS,토지이용권,무형자산
1924,BS,진입도로이용권,무형자산
1925,BS,사용수익권,무형자산
1926,BS,기타시설이용권,무형자산
1927,BS,소프트웨어-외부구입,무형자산
1928,BS,소프트웨어-내부개발,무형자산
1929,BS,기타무형자산,무형자산
1930,BS,무형자산-국고보조금,무형자산
1931,BS,무형자산-공사부담금,무형자산
1932,PL,연구개발비,기타판관비
1933,BS,시설사용권,무형자산
1934,BS,매입채무-재료,매입채무
1935,BS,매입채무-상품,매입채무
1936,BS,매입채무-외주가공,매입채무
1937,BS,미확정매입채무,매입채무
1938,BS,외상매입금-일반자재구입대,매입채무
1939,BS,외상매입금-공사자재구입대,매입채무
1940,BS,외상매입금-상품구입대,매입채무
1941,BS,외상매입금-외주비,매입채무
1942,BS,외상매입금-수입관세및부대비,매입채무
1943,BS,외상매입금-GR/IR-구매송장미착,매입채무
1944,BS,외상매입금-차감조정,매입채무
1945,BS,외상매입금-조정,매입채무
1946,BS,외상매입금-Service공사-에스원Only,매입채무
1947,BS,대행미지급금-기획Only,매입채무
1948,BS,외상매입금-반품,매입채무
1949,BS,외상매입금-기타,매입채무
1950,BS,외상매입금-현할차,매입채무
1951,BS,외상매입금-환율평가,매입채무
1952,BS,지급어음-자재구입대,매입채무
1953,BS,지급어음-공사자재구입대,매입채무
1954,BS,지급어음-상품구입대,매입채무
1955,BS,지급어음-외주비,매입채무
1956,BS,지급어음-전자결제,매입채무
1957,BS,지급어음-카드,매입채무
1958,BS,지급어음-기타,매입채무
1959,BS,지급어음-현할차,매입채무
1960,BS,지급어음-환율평가,매입채무
1961,BS,유동성 장기매입채무,매입채무
1962,BS,장기외상매입금-일반자재구입대,매입채무
1963,BS,장기외상매입금-공사자재구입대,매입채무
1964,BS,장기외상매입금-상품구입대,매입채무
1965,BS,장기외상매입금-기타,매입채무
1966,BS,장기외상매입금-현할차,매입채무
1967,BS,장기외상매입금-환율평가,매입채무
1968,BS,장기지급어음-일반자재구입대,매입채무
1969,BS,장기지급어음-공사자재구입대,매입채무
1970,BS,장기지급어음-상품구입대,매입채무
1971,BS,장기지급어음-기타,매입채무
1972,BS,장기지급어음-현할차,매입채무
1973,BS,장기지급어음-환율평가,매입채무
1974,BS,장기매입채무-유동성대체,매입채무
1975,BS,수입외상매입금,매입채무
1976,BS,단기차입금-원화,차입금
1977,BS,단기차입금-외화,차입금
1978,BS,단기차입금-수출환어음,차입금
1979,BS,단기차입금-당좌차월,차입금
1980,BS,단기차입금-일반대출,차입금
1981,BS,단기차입금-신탁대출,차입금
1982,BS,단기차입금-어음할인,차입금
1983,BS,단기차입금-Pooling,차입금
1984,BS,단기차입금-ABS,차입금
1985,BS,단기차입금-AR매각-With Recourse,차입금
1986,BS,단기차입금-Usance,차입금
1987,BS,단기차입금-기타,차입금
1988,BS,단기차입금-환율평가,차입금
1989,BS,유동성 장기차입금,차입금
1990,BS,단기차입금-부문간배부,차입금
1991,BS,유동성사채,사채
1992,BS,단기차입금-관계사,차입금
1993,BS,단기차입금-주임종,차입금
1994,BS,단기차입금-시설,차입금
1995,BS,미지급금-지급어음,미지급금
1996,BS,미지급금-일반경비,미지급금
1997,BS,미지급금-사원,미지급금
1998,BS,미지급금-저장품,미지급금
1999,BS,미지급금-시설,미지급금
2000,BS,미지급금-신용카드,미지급금
2001,BS,미지급금-급/상여,미지급금
2002,BS,미지급금-환율조정,미지급금
2003,BS,미지급금-자산구입,미지급금
2004,BS,미지급금-기술사용료,미지급금
2005,BS,미지급금-임가공비,미지급금
2006,BS,미지급금-외주비,미지급금
2007,BS,미지급금-경비,미지급금
2008,BS,미지급금-Agency,미지급금
2009,BS,미지급금-Claim,미지급금
2010,BS,미지급금-GR/IR-송장미착,미지급금
2011,BS,금융리스부채,미지급금
2012,BS,미지급금-환불-에스원Only,미지급금
2013,BS,미지급금-조정-에스원Only,미지급금
2014,BS,미지급금-조정,미지급금
2015,BS,미지급금-관세환급,미지급금
2016,BS,미지급금-관세미지급,미지급금
2017,BS,미지급금-통관수수료등수입제비용,미지급금
2018,BS,미지급금-종업원신용카드,미지급금
2019,BS,미지급금-법인신용카드,미지급금
2020,BS,미지급금-종업원-기타,미지급금
2021,BS,미지급금-국민연금,미지급금
2022,BS,미지급금-건강보험,미지급금
2023,BS,미지급금-개인연금,미지급금
2024,BS,미지급금-산재보험,미지급금
2025,BS,미지급금-고용보험,미지급금
2026,BS,미지급금-부가가치세,미지급금
2027,BS,미지급금-원천소득세,미지급금
2028,BS,미지급금-원천지방소득세,미지급금
2029,BS,미지급금-원천농특세,미지급금
2030,BS,미지급금-사업소세,미지급금
2031,BS,미지급금-재산세,미지급금
2032,BS,미지급금-지방세,미지급금
2033,BS,미지급금-소비세,미지급금
2034,BS,미지급금-교육세,미지급금
2035,BS,미지급금-거래직접세,미지급금
2036,BS,미지급금-공회비-China Only,미지급금
2037,BS,미지급금-문화사업건설비-China Only,미지급금
2038,BS,미지급금-ISS-Brazil Only,미지급금
2039,BS,미지급금-PIS-Brazil Only,미지급금
2040,BS,미지급금-COFINS-Brazil Only,미지급금
2041,BS,미지급금-기타제세,미지급금
2042,BS,미지급금-국고보조금,미지급금
2043,BS,미지급금-금융,미지급금
2044,BS,미지급금-광고선전비,미지급금
2045,BS,미지급금-배당금,미지급금
2046,BS,미지급금-기타,미지급금
2047,BS,미지급금-현할차,미지급금
2048,BS,미지급금-환율평가,미지급금
2049,BS,어음미지급금-자산구입,미지급금
2050,BS,어음미지급금-임가공비,미지급금
2051,BS,어음미지급금-외주비,미지급금
2052,BS,어음미지급금-경비,미지급금
2053,BS,어음미지급금-기타,미지급금
2054,BS,어음미지급금-현할차,미지급금
2055,BS,어음미지급금-환율평가,미지급금
2056,BS,유동성 장기미지급금,미지급금
2057,BS,미지급금-배당금-부문간배부-코닝정밀소재Only,미지급금
2058,BS,미지급금-부문간배부,미지급금
2059,BS,장기미지급금-국고보조금,미지급금
2060,BS,장기미지급금-기타,미지급금
2061,BS,장기미지급금-현할차,미지급금
2062,BS,장기미지급금-환율평가,미지급금
2063,BS,장기어음미지급금-자산구입,미지급금
2064,BS,장기어음미지급금-기타,미지급금
2065,BS,장기어음미지급금-현할차,미지급금
2066,BS,장기어음미지급금-환율평가,미지급금
2067,BS,장기미지급금-유동성대체,미지급금
2068,BS,장기미지급금-부분간배부,미지급금
2069,BS,미지급법인세-법인세,당기법인세부채
2070,BS,미지급법인세-주민세,당기법인세부채
2071,BS,미지급법인세-농특세,당기법인세부채
2072,BS,미지급법인세-기타,당기법인세부채
2073,BS,미지급법인세-부문간배부,당기법인세부채
2074,BS,선수금-영업,선수금
2075,BS,선수금-상품권,선수금
2076,BS,선수금-재고판매,선수금
2077,BS,선수금-자재,선수금
2078,BS,선수금-영업거래,선수금
2079,BS,선수금-Service,선수금
2080,BS,선수금-영업거래-기획Only,선수금
2081,BS,선수금-진행기준-용역,선수금
2082,BS,선수금-진행기준-용역-조정,선수금
2083,BS,선수금-공사선수금,선수금
2084,BS,선수금-공사선수금-조정,선수금
2085,BS,선수금-분양선수금,선수금
2086,BS,선수금-분양선수금-옵션-물산Only,선수금
2087,BS,선수금-분양선수금-조정,선수금
2088,BS,선수금-이용권-상품권,선수금
2089,BS,선수금-이용권-회원권및연회비,선수금
2090,BS,선수금-이용권-티켓,선수금
2091,BS,선수금-이용권-기타,선수금
2092,BS,선수금-임대매출,선수금
2093,BS,선수금-선물환,선수금
2094,BS,선수금-조정,선수금
2095,BS,선수금-기타,선수금
2096,BS,유동성 장기선수금,선수금
2097,BS,선수금-부문간배부,선수금
2098,BS,장기선수금-영업거래,선수금
2099,BS,장기선수금-기타,선수금
2100,BS,장기선수금-유동성대체,선수금
2101,BS,장기선수금-부문간배부,선수금
2102,BS,장기선수수익-예적금이자,선수금
2103,BS,장기선수수익-유가증권이자,선수금
2104,BS,장기선수수익-대여금이자,선수금
2105,BS,장기선수수익-기타금융상품이자,선수금
2106,BS,장기선수수익-임대료,선수금
2107,BS,장기선수수익-수익이연,선수금
2108,BS,장기선수수익-국고보조금,선수금
2109,BS,장기선수수익-기타,선수금
2110,BS,장기선수수익-유동성대체,선수금
2111,BS,선수금-임대료,선수금
2112,BS,예수금-건강보험,예수금
2113,BS,예수금-국민연금,예수금
2114,BS,예수금-고용보험-근로자부담분,예수금
2115,BS,예수금-고용보험-회사부담분,예수금
2116,BS,예수금-근로소득세,예수금
2117,BS,예수금-근로소득주민세,예수금
2118,BS,예수금-퇴직소득세,예수금
2119,BS,예수금-퇴직소득주민세,예수금
2120,BS,예수금-사업소득세,예수금
2121,BS,예수금-사업소득주민세,예수금
2122,BS,예수금-기타소득세,예수금
2123,BS,예수금-기타소득주민세,예수금
2124,BS,예수금-채무가압류,예수금
2125,BS,예수금-연말정산소득세,예수금
2126,BS,예수금-연말정산주민세,예수금
2127,BS,예수금-산재보험료,예수금
2128,BS,예수금-급여가압류_미결관리,예수금
2129,BS,예수금-주재수당,예수금
2130,BS,예수금-교육미수료,예수금
2131,BS,예수금-가수금미반제,예수금
2132,BS,예수금-원천세-근로소득세,예수금
2133,BS,예수금-원천세-사업소득세,예수금
2134,BS,예수금-원천세-퇴직소득세,예수금
2135,BS,예수금-원천세-이자소득세,예수금
2136,BS,예수금-원천세-배당소득세,예수금
2137,BS,예수금-원천세-기타소득세,예수금
2138,BS,예수금-원천세-근로지방소득세,예수금
2139,BS,예수금-원천세-사업지방소득세,예수금
2140,BS,예수금-원천세-퇴직지방소득세,예수금
2141,BS,예수금-원천세-이자지방소득세,예수금
2142,BS,예수금-원천세-배당지방소득세,예수금
2143,BS,예수금-원천세-기타지방소득세,예수금
2144,BS,예수금-원천세-교육세,예수금
2145,BS,예수금-원천세-농어촌특별세,예수금
2146,BS,예수금-원천세-개별소비세,예수금
2147,BS,예수금-원천세-용역,예수금
2148,BS,예수금-원천세-IRRF-Brazil Only,예수금
2149,BS,예수금-원천세-CIDE-Brazil Only,예수금
2150,BS,예수금-원천세-기타,예수금
2151,BS,예수금-급여일시공제-급여,예수금
2152,BS,예수금-급여일시공제-퇴직금,예수금
2153,BS,예수금-급여일시공제-재형저축,예수금
2154,BS,예수금-급여일시공제-국민연금,예수금
2155,BS,예수금-급여일시공제-건강보험,예수금
2156,BS,예수금-급여일시공제-근로자장기저축,예수금
2157,BS,예수금-급여일시공제-식대,예수금
2158,BS,예수금-급여일시공제-개인연금,예수금
2159,BS,예수금-급여일시공제-고용보험,예수금
2160,BS,예수금-급여일시공제-기타,예수금
2161,BS,예수금-국고보조금,예수금
2162,BS,예수금-압류,예수금
2163,BS,예수금-국민체육진흥기금,예수금
2164,BS,예수금-현금수송-에스원Only,예수금
2165,BS,예수금-기타,예수금
2166,BS,예수금-환율평가,예수금
2167,BS,미지급비용-예정소급급여,미지급비용
2168,BS,미지급비용-예정비정기상여,미지급비용
2169,BS,미지급비용-지급이자,미지급비용
2170,BS,미지급비용-공장예정원가,미지급비용
2171,BS,미지급비용-예정성과상여,미지급비용
2172,BS,미지급비용-예정유급휴가,미지급비용
2173,BS,미지급비용-직장보육시설,미지급비용
2174,BS,미지급비용-이자비용,미지급비용
2175,BS,미지급비용-급여,미지급비용
2176,BS,미지급비용-정기상여,미지급비용
2177,BS,미지급비용-명절상여,미지급비용
2178,BS,미지급비용-휴가상여,미지급비용
2179,BS,미지급비용-PI상여,미지급비용
2180,BS,미지급비용-PS상여,미지급비용
2181,BS,미지급비용-기타상여,미지급비용
2182,BS,미지급비용-확정기여퇴직급여,미지급비용
2183,BS,미지급비용-복리후생비,미지급비용
2184,BS,미지급비용-보험료,미지급비용
2185,BS,미지급비용-물류비,미지급비용
2186,BS,미지급비용-임차료,미지급비용
2187,BS,미지급비용-지급수수료,미지급비용
2188,BS,미지급비용-광고선전비,미지급비용
2189,BS,미지급비용-판매촉진비,미지급비용
2190,BS,미지급비용-판매장려금,미지급비용
2191,BS,미지급비용-서비스비,미지급비용
2192,BS,미지급비용-견본비,미지급비용
2193,BS,미지급비용-기술사용료,미지급비용
2194,BS,미지급비용-용역비,미지급비용
2195,BS,미지급비용-Link이자-물산Only,미지급비용
2196,BS,미지급비용-기타,미지급비용
2197,BS,미지급비용-현할차,미지급비용
2198,BS,미지급비용-환율평가,미지급비용
2199,BS,유동성 장기미지급비용,미지급비용
2200,BS,미지급비용-부문간배부,미지급비용
2201,BS,장기미지급비용-이자,미지급비용
2202,BS,장기미지급비용-급여,미지급비용
2203,BS,장기미지급비용-상여금,미지급비용
2204,BS,장기미지급비용-스탁옵션,미지급비용
2205,BS,장기미지급비용-기타,미지급비용
2206,BS,장기미지급비용-현할차,미지급비용
2207,BS,장기미지급비용-환율평가,미지급비용
2208,BS,장기미지급비용-유동성대체,미지급비용
2209,BS,장기미지급비용-부문간배부,미지급비용
2210,BS,미지급이자,미지급비용
2211,BS,장기미지급이자,미지급비용
2212,BS,반품충당부채,충당부채
2213,BS,마일리지충당부채,충당부채
2214,BS,반품추정부채,충당부채
2215,BS,기타유동부채,기타부채
2216,BS,유동성 예수보증금,예수금
2217,BS,유동성 예수보증금-부문간배부,예수금
2218,BS,가수금,가수금
2219,BS,가수금-기타,가수금
2220,BS,가수금-환율평가,가수금
2221,BS,예수보증금-영업보증금,예수금
2222,BS,예수보증금-임대보증금,예수금
2223,BS,예수보증금-공사보증금,예수금
2224,BS,예수보증금-하자보증금,예수금
2225,BS,예수보증금-계약보증금,예수금
2226,BS,예수보증금-사택보증금,예수금
2227,BS,예수보증금-계약보증금-에스원Only,예수금
2228,BS,예수보증금-기타,예수금
2229,BS,예수보증금-현할차,예수금
2230,BS,예수보증금-환율평가,예수금
2231,BS,예수보증금-유동성대체,예수금
2232,BS,환불부채,기타부채
2233,BS,사채,사채
2234,BS,사채-일반사채,사채
2235,BS,사채-전환사채,사채
2236,BS,사채-전환권조정,사채
2237,BS,사채-신주인수권부사채,사채
2238,BS,사채-신주인수권조정,사채
2239,BS,사채-기타사채,사채
2240,BS,사채-기타사채권조정,사채
2241,BS,사채-환율평가,사채
2242,BS,사채발행차금-장기미지급이자,사채
2243,BS,사채발행차금-할인,사채
2244,BS,사채발행차금-할증,사채
2245,BS,사채발행차금-상환할증금,사채
2246,BS,사채-유동성대체,사채
2247,BS,사채-부문간배부,사채
2248,BS,사채발행차금-비유동,사채
2249,BS,유동성원화사채,사채
2250,BS,유동성외화사채,사채
2251,BS,유동성전환사채,사채
2252,BS,유동성전환권조정,사채
2253,BS,유동성신주인수권부사채,사채
2254,BS,유동성사채할인발행차금,사채
2255,BS,유동성사채상환할증금,사채
2256,BS,유동성신주인수권조정,사채
2257,BS,신주인수권조정,사채
2258,BS,원화사채,사채
2259,BS,외화사채,사채
2260,BS,선수수익-임대수익,선수수익
2261,BS,선수수익-국고보조금-국책사업연구비,선수수익
2262,BS,선수수익-국고보조금-저리차입금,선수수익
2263,BS,선수수익-예적금이자,선수수익
2264,BS,선수수익-유가증권이자,선수수익
2265,BS,선수수익-대여금이자,선수수익
2266,BS,선수수익-기타금융상품이자,선수수익
2267,BS,선수수익-임대료,선수수익
2268,BS,선수수익-수익이연,선수수익
2269,BS,선수수익-수익이연-기획Only,선수수익
2270,BS,선수수익-국고보조금,선수수익
2271,BS,선수수익-기타,선수수익
2272,BS,유동성 장기선수수익,선수수익
2273,BS,파생상품부채-유동-통화스왑,파생상품부채
2274,BS,파생상품부채-유동-통화옵션,파생상품부채
2275,BS,파생상품부채-유동-이자율스왑,파생상품부채
2276,BS,파생상품부채-유동-상품선물,파생상품부채
2277,BS,파생상품부채-유동-상품선도,파생상품부채
2278,BS,파생상품부채-유동-기타,파생상품부채
2279,BS,유동성 파생상품부채,파생상품부채
2280,BS,파생상품부채-통화선도,파생상품부채
2281,BS,파생상품부채-통화스왑,파생상품부채
2282,BS,파생상품부채-통화옵션,파생상품부채
2283,BS,파생상품부채-이자율스왑,파생상품부채
2284,BS,파생상품부채-상품선물,파생상품부채
2285,BS,파생상품부채-상품선도,파생상품부채
2286,BS,파생상품부채-통화선도-중공업Only,파생상품부채
2287,BS,파생상품부채-기타,파생상품부채
2288,BS,보증금-임대보증금,보증금
2289,BS,보증금-수입보증금,보증금
2290,BS,보증금-사택임대보증금,보증금
2291,BS,장기차입금-일반대출,차입금
2292,BS,장기차입금-신탁대출,차입금
2293,BS,장기차입금-연불수출,차입금
2294,BS,장기차입금-시설자금,차입금
2295,BS,장기차입금-금융리스,차입금
2296,BS,장기차입금-기타,차입금
2297,BS,장기차입금-현할차,차입금
2298,BS,장기차입금-환율평가,차입금
2299,BS,장기차입금-유동성대체,차입금
2300,BS,장기차입금-부문간배부,차입금
2301,BS,장기차입금-외화,차입금
2302,BS,장기차입금-관계사,차입금
2303,BS,확정급여채무,순확정급여부채
2304,BS,사외적립자산-퇴직보험,순확정급여부채
2305,BS,사외적립자산-퇴직연금,순확정급여부채
2306,BS,퇴직급여부채,순확정급여부채
2307,BS,사외적립자산-단체퇴직보험예치금,순확정급여부채
2308,BS,사외적립자산-국민연금전환금,순확정급여부채
2309,BS,사외적립자산-퇴직보험예치금,순확정급여부채
2310,BS,사외적립자산-퇴직연금운용자산,순확정급여부채
2311,BS,사외적립자산-기타,순확정급여부채
2312,BS,제품보증충당부채,충당부채
2313,BS,공사손실충당부채,충당부채
2314,BS,하자보수충당부채,충당부채
2315,BS,상여충당부채,충당부채
2316,BS,복구충당부채,충당부채
2317,BS,우발손실충당부채,충당부채
2318,BS,장기선수수익,기타유동자산
2319,BS,기타장기종업원급여부채,종업원급여부채
2320,BS,장기보증금,보증금
2321,BS,장기금융보증부채,금융보증부채
2322,BS,우선주자본금,자본금
2323,BS,자본금-보통주,자본금
2324,BS,자본금-우선주,자본금
2325,BS,자본금-신주납입금,자본금
2326,BS,자본금-기타,자본금
2327,BS,주식발행초과금,자본잉여금
2328,BS,자본준비금-주식발행초과금,자본잉여금
2329,BS,자본준비금-감자차익,자본잉여금
2330,BS,자본준비금-합병차익,자본잉여금
2331,BS,자본준비금-자기주식처분이익,자본잉여금
2332,BS,기타자본잉여금-자산수증이익,자본잉여금
2333,BS,기타자본잉여금-채무면제이익,자본잉여금
2334,BS,기타자본잉여금-재평가적립금,자본잉여금
2335,BS,기타자본잉여금-주식매수선택권,자본잉여금
2336,BS,기타자본잉여금-전환권대가,자본잉여금
2337,BS,기타자본잉여금-신주인수권대가,자본잉여금
2338,BS,기타자본잉여금-신주청약증거금,자본잉여금
2339,BS,기타자본잉여금-지분법변동,자본잉여금
2340,BS,기타자본잉여금-부의지분법변동,자본잉여금
2341,BS,기타자본잉여금-기타,자본잉여금
2342,BS,기타적립금,이익잉여금
2343,BS,이익준비금,이익잉여금
2344,BS,전기이월이익잉여금,이익잉여금
2345,BS,보험수리적손익,이익잉여금
2346,BS,당기순이익,이익잉여금
2347,BS,법정적립금-재무구조개선적립금,이익잉여금
2348,BS,법정적립금-연구및인력개발준비금,이익잉여금
2349,BS,법정적립금-해외시장개척준비금,이익잉여금
2350,BS,법정적립금-해외투자손실준비금,이익잉여금
2351,BS,법정적립금-자기주식처분손실준비금,이익잉여금
2352,BS,법정적립금-기업발전적립금,이익잉여금
2353,BS,법정적립금-기타법정적립금,이익잉여금
2354,BS,임의적립금-사업확장적립금,이익잉여금
2355,BS,임의적립금-시설적립금,이익잉여금
2356,BS,임의적립금-연구및인력개발준비금,이익잉여금
2357,BS,임의적립금-기타,이익잉여금
2358,BS,차기이월이익잉여금-전기이월이익잉여금,이익잉여금
2359,BS,차기이월이익잉여금-당기순이익,이익잉여금
2360,BS,차기이월이익잉여금-비지배지분초과손실,이익잉여금
2361,BS,차기이월이익잉여금-전기오류수정이익,이익잉여금
2362,BS,차기이월이익잉여금-전기오류수정손실,이익잉여금
2363,BS,차기이월이익잉여금-회계변경누적효과,이익잉여금
2364,BS,차기이월이익잉여금-지분법이익잉여금변동,이익잉여금
2365,BS,차기이월이익잉여금-부의지분법이익잉여금변동,이익잉여금
2366,BS,이익잉여금-기타,이익잉여금
2367,BS,매도가능증권평가이익,기타포괄손익누계액
2368,BS,매도가능증권평가손실,기타포괄손익누계액
2369,BS,기타포괄공정가치자산평가이익,기타포괄손익누계액
2370,BS,기타포괄공정가치자산평가손실,기타포괄손익누계액
2371,BS,이자율스왑평가손익,기타포괄손익누계액
2372,BS,지분법자본변동,기타포괄손익누계액
2373,BS,부의지분법자본변동,기타포괄손익누계액
2374,BS,재평가차익,기타포괄손익누계액
2375,BS,해외사업환산이익,기타포괄손익누계액
2376,BS,해외사업환산손실,기타포괄손익누계액
2377,BS,파생상품평가이익,기타포괄손익누계액
2378,BS,파생상품평가손실,기타포괄손익누계액
2379,BS,관계기업기타포괄이익,기타포괄손익누계액
2380,BS,관계기업기타포괄손실,기타포괄손익누계액
2381,BS,보험수리적이익,기타포괄손익누계액
2382,BS,보험수리적손실,기타포괄손익누계액
2383,BS,기타포괄이익누계액-기타,기타포괄손익누계액
2384,BS,기타포괄손실누계액-기타,기타포괄손익누계액
2385,BS,자기주식처분손실,자본조정
2386,BS,종속회사지분매매차이,자본조정
2387,BS,종속회사지분변동차이,자본조정
2388,BS,기타의자본조정,자본조정
2389,BS,지분법자본조정,자본조정
2390,BS,주식할인발행차금,자본조정
2391,BS,주식청약미수금,자본조정
2392,BS,자기주식-보통주,자본조정
2393,BS,자기주식-우선주,자본조정
2394,BS,미교부주식배당금,자본조정
2395,BS,주식매수선택권,자본조정
2396,BS,감자차손,자본조정
2397,BS,자기주식처분손,자본조정
2398,PL,제품매출,매출
2399,PL,상품매출,매출
2400,PL,기타매출,매출
2401,PL,용역매출,매출
2402,PL,공사매출,매출
2403,PL,임가공매출,매출
2404,PL,제품매출원가,매출원가
2405,PL,상품매출원가,매출원가
2406,PL,기타매출원가,매출원가
2407,PL,용역매출원가,매출원가
2408,PL,공사매출원가,매출원가
2409,PL,임가공매출원가,매출원가
2410,PL,급여,급여
2411,PL,퇴직급여,퇴직급여
2412,PL,복리후생비,복리후생비
2413,PL,여비교통비,기타판관비
2414,PL,교육훈련비,기타판관비
2415,PL,통신비,기타판관비
2416,PL,수도광열비,기타판관비
2417,PL,세금과공과,기타판관비
2418,PL,소모품비,기타판관비
2419,PL,지급임차료,지급임차료
2420,PL,감가상각비,감가상각비
2421,PL,수선비,기타판관비
2422,PL,보험료,기타판관비
2423,PL,접대비,기타판관비
2424,PL,광고선전비,기타판관비
2425,PL,운반비,기타판관비
2426,PL,차량유지비,기타판관비
2427,PL,도서비,기타판관비
2428,PL,행사비,기타판관비
2429,PL,회의비,기타판관비
2430,PL,지급수수료,기타판관비
2431,PL,대손상각비,대손상각비
2432,PL,무형자산상각비,무형자산상각비
2433,PL,임가공비,기타판관비
2434,PL,견본비,기타판관비
2435,PL,판매수수료,기타판관비
2436,PL,판매촉진비,기타판관비
2437,PL,시험검사비,기타판관비
2438,PL,포장비,기타판관비
2439,PL,용역비,기타판관비
2440,PL,충당부채전입액,충당부채전입액
2441,PL,경상개발비,경상개발비
2442,PL,수출제비용,기타판관비
2443,PL,기타영업외손익,기타영업외손익
2444,PL,당기손익공정가치측정금융자산평가이익,기타영업외손익
2445,PL,투자부동산처분이익,기타영업외손익
2446,PL,하자보수충당금환입,충당부채전입액
2447,PL,파생상품거래손실,기타영업외손익
2448,PL,종속관계기업투자주식손상차손,투자주식손상차손
2449,PL,기타영업외금융손익,기타영업외금융손익
2450,PL,지분법이익,지분법손익
2451,PL,법인세비용,법인세비용
2452,BS,현금및현금성자산,현금및현금성자산
2453,BS,단기금융상품,단기금융상품
2454,BS,매출채권,매출채권
2455,BS,대손충당금-매출채권,매출채권
2456,BS,미수금,미수금
2457,BS,미수수익,미수수익
2458,BS,선급금,선급금
2459,BS,선급비용,선급비용
2460,BS,당기손익공정가치측정금융자산,당기손익공정가치측정금융자산
2461,BS,재고자산,재고자산
2462,BS,기타유동금융자산,기타유동금융자산
2463,BS,기타유동자산,기타유동자산
2464,BS,당기법인세자산,당기법인세자산
2465,BS,매각예정자산,매각예정자산
2466,BS,장기금융상품,장기금융상품
2467,BS,파생상품금융자산,파생상품금융자산
2468,BS,종속기업투자주식,종속기업투자주식
2469,BS,유형자산,유형자산
2470,BS,투자부동산,투자부동산
2471,BS,무형자산,무형자산
2472,BS,매입채무,매입채무
2473,BS,단기차입금,차입금
2474,BS,미지급금,미지급금
2475,BS,당기법인세부채,당기법인세부채
2476,BS,선수금,선수금
2477,BS,예수금,예수금
2478,BS,미지급비용,미지급비용
2479,BS,유동성충당부채,충당부채
2480,BS,유동성장기부채,기타부채
2481,BS,선수수익,선수수익
2482,BS,파생상품부채-유동-통화선도,파생상품부채
2483,BS,보증금,보증금
2484,BS,장기차입금,차입금
2485,BS,순확정급여부채,순확정급여부채
2486,BS,비유동성충당부채,충당부채
2487,BS,기타비유동부채,기타비유동부채
2488,BS,기타비유동금융부채,기타비유동금융부채
2489,BS,보통주자본금,자본금
2490,BS,자본잉여금,자본잉여금
2491,BS,이익잉여금,이익잉여금
2492,BS,기타포괄손익누계액,기타포괄손익누계액
2493,BS,자본조정,자본조정
2494,BS,이연법인세자산,이연법인세자산/부채
2495,BS,이연법인세부채,이연법인세자산/부채
2496,BS,이연법인세자산/부채,이연법인세자산/부채
2497,PL,당기손익,당기순이익
2498,PL,당기순이익,당기순이익
2499,PL,순이익,당기순이익
2500,PL,판매비와관리비,판관비
2501,PL,판관비,판관비
2502,PL,판매비및관리비,판관비
2503,PL,판매관리비,판관비
2504,PL,판매비용,판관비
2505,PL,관리비용,판관비
2506,PL,매출총이익,매출총이익
2507,PL,법인세비용차감전이익,법인세비용차감전이익
2508,PL,법인세비차감전이익,법인세비용차감전이익
2509,PL,세전이익,법인세비용차감전이익
2510,PL,법인세차감전이익,법인세비용차감전이익
2511,PL,법인세비용차감전손익,법인세비용차감전이익
2512,PL,법인세비차감전손익,법인세비용차감전이익
2513,PL,세전손익,법인세비용차감전이익
2514,PL,법인세차감전손익,법인세비용차감전이익
2515,PL,기타영업외손익,영업외손익
2516,PL,영업외손익,영업외손익
2517,PL,영업외수익,영업외손익
2518,PL,영업외비용,영업외손익
2519,PL,금융비용,금융비용
2520,PL,금융수익,금융수익
2521,BS,대손충당금,대손충당금
2522,BS,감가상각누계액,감가상각누계액
2523,BS,상각누계액,감가상각누계액
2524,BS,감가상각충당금,감가상각누계액
2525,BS,손상차손충당금,손상차손누계액
2526,BS,손상차손누계액,손상차손누계액
2527,BS,손상누계액,손상차손누계액
2528,BS,현재가치할인차금,현재가치할인차금
2529,BS,현할차,현재가치할인차금
2530,BS,현재가치차금,현재가치할인차금
